x,y,z,value
-0.019510000000000027,-0.08621000000000001,-1.0,37712.5
-0.019510000000000027,-0.07954000000000006,-1.0,39395.3
-0.019510000000000027,-0.07286999999999999,-1.0,41400.1
-0.012840000000000074,-0.07286999999999999,-1.0,42076.3
-0.006170000000000009,-0.07286999999999999,-1.0,49053.9
0.0004999999999999449,-0.07286999999999999,-1.0,83524.0
-0.032850000000000046,-0.06620000000000004,-1.0,41244.700000000004
-0.026180000000000092,-0.06620000000000004,-1.0,43159.2
-0.019510000000000027,-0.06620000000000004,-1.0,79604.0
-0.012840000000000074,-0.06620000000000004,-1.0,123543.0
-0.006170000000000009,-0.06620000000000004,-1.0,34001.1
0.0004999999999999449,-0.06620000000000004,-1.0,36187.2
0.020510000000000028,-0.06620000000000004,-1.0,41006.700000000004
-0.05953000000000008,-0.05953000000000008,-1.0,40558.0
-0.05286000000000002,-0.05953000000000008,-1.0,41891.5
-0.032850000000000046,-0.05953000000000008,-1.0,124334.0
-0.026180000000000092,-0.05953000000000008,-1.0,122843.0
-0.019510000000000027,-0.05953000000000008,-1.0,163030.0
-0.012840000000000074,-0.05953000000000008,-1.0,118846.0
-0.006170000000000009,-0.05953000000000008,-1.0,209132.0
0.0004999999999999449,-0.05953000000000008,-1.0,137529.0
0.007169999999999899,-0.05953000000000008,-1.0,119763.0
0.013839999999999852,-0.05953000000000008,-1.0,190757.0
0.027179999999999982,-0.05953000000000008,-1.0,81907.0
0.033849999999999936,-0.05953000000000008,-1.0,86051.0
-0.046190000000000064,-0.05286000000000002,-1.0,122955.0
-0.03952,-0.05286000000000002,-1.0,203105.0
-0.032850000000000046,-0.05286000000000002,-1.0,124845.0
-0.026180000000000092,-0.05286000000000002,-1.0,240751.0
-0.019510000000000027,-0.05286000000000002,-1.0,546441.0
-0.012840000000000074,-0.05286000000000002,-1.0,424515.0
-0.006170000000000009,-0.05286000000000002,-1.0,247002.0
0.0004999999999999449,-0.05286000000000002,-1.0,316337.0
0.007169999999999899,-0.05286000000000002,-1.0,580314.0
0.013839999999999852,-0.05286000000000002,-1.0,299166.0
0.020510000000000028,-0.05286000000000002,-1.0,163051.0
0.027179999999999982,-0.05286000000000002,-1.0,126097.99999999999
0.033849999999999936,-0.05286000000000002,-1.0,41193.6
0.047190000000000065,-0.05286000000000002,-1.0,37615.9
0.05386000000000002,-0.05286000000000002,-1.0,10765.300000000001
0.06052999999999997,-0.05286000000000002,-1.0,30562.0
-0.05953000000000008,-0.046190000000000064,-1.0,119735.0
-0.05286000000000002,-0.046190000000000064,-1.0,41475.0
-0.046190000000000064,-0.046190000000000064,-1.0,411999.0
-0.03952,-0.046190000000000064,-1.0,162638.0
-0.032850000000000046,-0.046190000000000064,-1.0,495663.0
-0.026180000000000092,-0.046190000000000064,-1.0,579215.0
-0.019510000000000027,-0.046190000000000064,-1.0,369656.0
-0.012840000000000074,-0.046190000000000064,-1.0,952910.0
-0.006170000000000009,-0.046190000000000064,-1.0,824950.0
0.0004999999999999449,-0.046190000000000064,-1.0,639548.0
0.007169999999999899,-0.046190000000000064,-1.0,657846.0
0.013839999999999852,-0.046190000000000064,-1.0,505232.0
0.020510000000000028,-0.046190000000000064,-1.0,168399.0
0.027179999999999982,-0.046190000000000064,-1.0,285040.0
0.033849999999999936,-0.046190000000000064,-1.0,123053.0
0.04051999999999989,-0.046190000000000064,-1.0,162092.0
0.047190000000000065,-0.046190000000000064,-1.0,39114.600000000006
-0.07286999999999999,-0.03952,-1.0,40003.6
-0.06620000000000004,-0.03952,-1.0,38840.200000000004
-0.05953000000000008,-0.03952,-1.0,80598.0
-0.05286000000000002,-0.03952,-1.0,156856.0
-0.046190000000000064,-0.03952,-1.0,321272.0
-0.03952,-0.03952,-1.0,441952.0
-0.032850000000000046,-0.03952,-1.0,573678.0
-0.026180000000000092,-0.03952,-1.0,903700.0
-0.019510000000000027,-0.03952,-1.0,1414490.0
-0.012840000000000074,-0.03952,-1.0,1465170.0
-0.006170000000000009,-0.03952,-1.0,1094940.0
0.0004999999999999449,-0.03952,-1.0,1165150.0
0.007169999999999899,-0.03952,-1.0,775740.0
0.013839999999999852,-0.03952,-1.0,669263.0
0.020510000000000028,-0.03952,-1.0,367710.0
0.027179999999999982,-0.03952,-1.0,249109.0
0.033849999999999936,-0.03952,-1.0,250327.0
0.04051999999999989,-0.03952,-1.0,82565.0
0.05386000000000002,-0.03952,-1.0,42746.9
-0.08621000000000001,-0.032850000000000046,-1.0,39449.9
-0.07954000000000006,-0.032850000000000046,-1.0,40464.200000000004
-0.07286999999999999,-0.032850000000000046,-1.0,42379.399999999994
-0.06620000000000004,-0.032850000000000046,-1.0,42100.1
-0.05953000000000008,-0.032850000000000046,-1.0,48785.100000000006
-0.05286000000000002,-0.032850000000000046,-1.0,263711.0
-0.046190000000000064,-0.032850000000000046,-1.0,621082.0
-0.03952,-0.032850000000000046,-1.0,702100.0
-0.032850000000000046,-0.032850000000000046,-1.0,1081290.0
-0.026180000000000092,-0.032850000000000046,-1.0,1533070.0
-0.019510000000000027,-0.032850000000000046,-1.0,2376080.0
-0.012840000000000074,-0.032850000000000046,-1.0,2531970.0
-0.006170000000000009,-0.032850000000000046,-1.0,1918280.0
0.0004999999999999449,-0.032850000000000046,-1.0,2588460.0
0.007169999999999899,-0.032850000000000046,-1.0,1431150.0
0.013839999999999852,-0.032850000000000046,-1.0,1172430.0
0.020510000000000028,-0.032850000000000046,-1.0,1139390.0
0.027179999999999982,-0.032850000000000046,-1.0,651259.0
0.033849999999999936,-0.032850000000000046,-1.0,370216.0
0.04051999999999989,-0.032850000000000046,-1.0,351302.0
0.047190000000000065,-0.032850000000000046,-1.0,166586.0
0.06052999999999997,-0.032850000000000046,-1.0,41193.6
-0.07954000000000006,-0.026180000000000092,-1.0,39968.600000000006
-0.07286999999999999,-0.026180000000000092,-1.0,165725.0
-0.06620000000000004,-0.026180000000000092,-1.0,126259.0
-0.05953000000000008,-0.026180000000000092,-1.0,195293.0
-0.05286000000000002,-0.026180000000000092,-1.0,531090.0
-0.046190000000000064,-0.026180000000000092,-1.0,796530.0
-0.03952,-0.026180000000000092,-1.0,1552600.0
-0.032850000000000046,-0.026180000000000092,-1.0,1692180.0
-0.026180000000000092,-0.026180000000000092,-1.0,2095940.0
-0.019510000000000027,-0.026180000000000092,-1.0,3000970.0
-0.012840000000000074,-0.026180000000000092,-1.0,3286710.0
-0.006170000000000009,-0.026180000000000092,-1.0,2889670.0
0.0004999999999999449,-0.026180000000000092,-1.0,2604770.0
0.007169999999999899,-0.026180000000000092,-1.0,2910110.0
0.013839999999999852,-0.026180000000000092,-1.0,2289910.0
0.020510000000000028,-0.026180000000000092,-1.0,1223320.0
0.027179999999999982,-0.026180000000000092,-1.0,546000.0
0.033849999999999936,-0.026180000000000092,-1.0,359394.0
0.04051999999999989,-0.026180000000000092,-1.0,284536.0
0.047190000000000065,-0.026180000000000092,-1.0,204799.0
-0.07286999999999999,-0.019510000000000027,-1.0,82299.0
-0.06620000000000004,-0.019510000000000027,-1.0,80598.0
-0.05953000000000008,-0.019510000000000027,-1.0,244377.0
-0.05286000000000002,-0.019510000000000027,-1.0,345667.0
-0.046190000000000064,-0.019510000000000027,-1.0,602371.0
-0.03952,-0.019510000000000027,-1.0,1525090.0
-0.032850000000000046,-0.019510000000000027,-1.0,3162670.0
-0.026180000000000092,-0.019510000000000027,-1.0,3853360.0
-0.019510000000000027,-0.019510000000000027,-1.0,4230940.0
-0.012840000000000074,-0.019510000000000027,-1.0,4249910.0
-0.006170000000000009,-0.019510000000000027,-1.0,5336800.0
0.0004999999999999449,-0.019510000000000027,-1.0,4443880.0
0.007169999999999899,-0.019510000000000027,-1.0,3323600.0
0.013839999999999852,-0.019510000000000027,-1.0,2307060.0
0.020510000000000028,-0.019510000000000027,-1.0,1252369.9999999998
0.027179999999999982,-0.019510000000000027,-1.0,1056370.0
0.033849999999999936,-0.019510000000000027,-1.0,627970.0
0.04051999999999989,-0.019510000000000027,-1.0,243369.0
0.047190000000000065,-0.019510000000000027,-1.0,280483.0
0.05386000000000002,-0.019510000000000027,-1.0,78806.0
-0.09955000000000003,-0.012840000000000074,-1.0,42316.399999999994
-0.07286999999999999,-0.012840000000000074,-1.0,41349.7
-0.06620000000000004,-0.012840000000000074,-1.0,202979.0
-0.05953000000000008,-0.012840000000000074,-1.0,208166.00000000003
-0.05286000000000002,-0.012840000000000074,-1.0,430276.0
-0.046190000000000064,-0.012840000000000074,-1.0,1582350.0
-0.03952,-0.012840000000000074,-1.0,2268699.9999999995
-0.032850000000000046,-0.012840000000000074,-1.0,3496080.0
-0.026180000000000092,-0.012840000000000074,-1.0,4240810.0
-0.019510000000000027,-0.012840000000000074,-1.0,5180420.0
-0.012840000000000074,-0.012840000000000074,-1.0,4477900.0
-0.006170000000000009,-0.012840000000000074,-1.0,6427609.999999999
0.0004999999999999449,-0.012840000000000074,-1.0,5575360.0
0.007169999999999899,-0.012840000000000074,-1.0,4149040.0
0.013839999999999852,-0.012840000000000074,-1.0,3096450.0
0.020510000000000028,-0.012840000000000074,-1.0,2175880.0
0.027179999999999982,-0.012840000000000074,-1.0,1058680.0
0.033849999999999936,-0.012840000000000074,-1.0,793310.0
0.04051999999999989,-0.012840000000000074,-1.0,245742.0
0.047190000000000065,-0.012840000000000074,-1.0,87136.0
0.05386000000000002,-0.012840000000000074,-1.0,39160.1
0.06052999999999997,-0.012840000000000074,-1.0,38684.8
-0.07954000000000006,-0.006170000000000009,-1.0,81487.0
-0.07286999999999999,-0.006170000000000009,-1.0,40855.5
-0.06620000000000004,-0.006170000000000009,-1.0,161322.0
-0.05953000000000008,-0.006170000000000009,-1.0,607201.0
-0.05286000000000002,-0.006170000000000009,-1.0,642334.0
-0.046190000000000064,-0.006170000000000009,-1.0,1366400.0
-0.03952,-0.006170000000000009,-1.0,1984710.0
-0.032850000000000046,-0.006170000000000009,-1.0,3413410.0
-0.026180000000000092,-0.006170000000000009,-1.0,4445420.0
-0.019510000000000027,-0.006170000000000009,-1.0,6021610.0
-0.012840000000000074,-0.006170000000000009,-1.0,6810510.0
-0.006170000000000009,-0.006170000000000009,-1.0,7294000.0
0.0004999999999999449,-0.006170000000000009,-1.0,6176940.0
0.007169999999999899,-0.006170000000000009,-1.0,5225920.0
0.013839999999999852,-0.006170000000000009,-1.0,3608640.0
0.020510000000000028,-0.006170000000000009,-1.0,2044490.0
0.027179999999999982,-0.006170000000000009,-1.0,1105440.0
0.033849999999999936,-0.006170000000000009,-1.0,844060.0
0.04051999999999989,-0.006170000000000009,-1.0,414505.0
0.047190000000000065,-0.006170000000000009,-1.0,202734.0
0.05386000000000002,-0.006170000000000009,-1.0,83090.0
-0.08621000000000001,0.0004999999999999449,-1.0,40050.5
-0.07954000000000006,0.0004999999999999449,-1.0,40649.0
-0.07286999999999999,0.0004999999999999449,-1.0,79436.0
-0.06620000000000004,0.0004999999999999449,-1.0,64572.2
-0.05953000000000008,0.0004999999999999449,-1.0,106575.0
-0.05286000000000002,0.0004999999999999449,-1.0,812490.0
-0.046190000000000064,0.0004999999999999449,-1.0,1461810.0
-0.03952,0.0004999999999999449,-1.0,2080750.0
-0.032850000000000046,0.0004999999999999449,-1.0,3870720.0
-0.026180000000000092,0.0004999999999999449,-1.0,4616010.0
-0.019510000000000027,0.0004999999999999449,-1.0,5527690.0
-0.012840000000000074,0.0004999999999999449,-1.0,6813800.0
-0.006170000000000009,0.0004999999999999449,-1.0,5702340.0
0.0004999999999999449,0.0004999999999999449,-1.0,5956230.0
0.007169999999999899,0.0004999999999999449,-1.0,4844840.0
0.013839999999999852,0.0004999999999999449,-1.0,3247790.0
0.020510000000000028,0.0004999999999999449,-1.0,2112460.0
0.027179999999999982,0.0004999999999999449,-1.0,1550220.0
0.033849999999999936,0.0004999999999999449,-1.0,960400.0
0.04051999999999989,0.0004999999999999449,-1.0,559671.0
0.047190000000000065,0.0004999999999999449,-1.0,283472.0
0.05386000000000002,0.0004999999999999449,-1.0,38562.99999999999
0.06052999999999997,0.0004999999999999449,-1.0,40301.8
-0.08621000000000001,0.007169999999999899,-1.0,40040.700000000004
-0.07954000000000006,0.007169999999999899,-1.0,44992.5
-0.07286999999999999,0.007169999999999899,-1.0,78365.0
-0.06620000000000004,0.007169999999999899,-1.0,52903.9
-0.05953000000000008,0.007169999999999899,-1.0,626150.0
-0.05286000000000002,0.007169999999999899,-1.0,539602.0
-0.046190000000000064,0.007169999999999899,-1.0,1137080.0
-0.03952,0.007169999999999899,-1.0,2265130.0
-0.032850000000000046,0.007169999999999899,-1.0,3279500.0
-0.026180000000000092,0.007169999999999899,-1.0,3465350.0
-0.019510000000000027,0.007169999999999899,-1.0,6189890.000000001
-0.012840000000000074,0.007169999999999899,-1.0,6110860.0
-0.006170000000000009,0.007169999999999899,-1.0,5210520.000000001
0.0004999999999999449,0.007169999999999899,-1.0,4975320.0
0.007169999999999899,0.007169999999999899,-1.0,3532200.0
0.013839999999999852,0.007169999999999899,-1.0,3297070.0
0.020510000000000028,0.007169999999999899,-1.0,1514590.0
0.027179999999999982,0.007169999999999899,-1.0,1174950.0
0.033849999999999936,0.007169999999999899,-1.0,932400.0
0.04051999999999989,0.007169999999999899,-1.0,499058.0
0.047190000000000065,0.007169999999999899,-1.0,86597.0
0.05386000000000002,0.007169999999999899,-1.0,85344.0
0.06052999999999997,0.007169999999999899,-1.0,126196.0
0.07386999999999988,0.007169999999999899,-1.0,40329.799999999996
-0.07954000000000006,0.013839999999999852,-1.0,45861.9
-0.06620000000000004,0.013839999999999852,-1.0,41120.799999999996
-0.05953000000000008,0.013839999999999852,-1.0,247506.0
-0.05286000000000002,0.013839999999999852,-1.0,616805.0
-0.046190000000000064,0.013839999999999852,-1.0,829010.0
-0.03952,0.013839999999999852,-1.0,2080680.0
-0.032850000000000046,0.013839999999999852,-1.0,2847810.0
-0.026180000000000092,0.013839999999999852,-1.0,3458140.0
-0.019510000000000027,0.013839999999999852,-1.0,3377220.0
-0.012840000000000074,0.013839999999999852,-1.0,4384730.0
-0.006170000000000009,0.013839999999999852,-1.0,4688390.0
0.0004999999999999449,0.013839999999999852,-1.0,3385340.0
0.007169999999999899,0.013839999999999852,-1.0,3989440.0
0.013839999999999852,0.013839999999999852,-1.0,3154690.0
0.020510000000000028,0.013839999999999852,-1.0,1390900.0
0.027179999999999982,0.013839999999999852,-1.0,1118810.0
0.033849999999999936,0.013839999999999852,-1.0,926310.0
0.04051999999999989,0.013839999999999852,-1.0,221361.0
0.047190000000000065,0.013839999999999852,-1.0,121688.0
0.06052999999999997,0.013839999999999852,-1.0,40050.5
-0.08621000000000001,0.020510000000000028,-1.0,79583.0
-0.06620000000000004,0.020510000000000028,-1.0,82124.0
-0.05953000000000008,0.020510000000000028,-1.0,354466.0
-0.05286000000000002,0.020510000000000028,-1.0,702799.9999999999
-0.046190000000000064,0.020510000000000028,-1.0,644525.0
-0.03952,0.020510000000000028,-1.0,1292130.0
-0.032850000000000046,0.020510000000000028,-1.0,1980510.0
-0.026180000000000092,0.020510000000000028,-1.0,3146290.0
-0.019510000000000027,0.020510000000000028,-1.0,2889390.0
-0.012840000000000074,0.020510000000000028,-1.0,3389680.0
-0.006170000000000009,0.020510000000000028,-1.0,3895500.0
0.0004999999999999449,0.020510000000000028,-1.0,2914590.0
0.007169999999999899,0.020510000000000028,-1.0,2736440.0
0.013839999999999852,0.020510000000000028,-1.0,1935780.0
0.020510000000000028,0.020510000000000028,-1.0,1195320.0
0.027179999999999982,0.020510000000000028,-1.0,713860.0
0.033849999999999936,0.020510000000000028,-1.0,630784.0
0.04051999999999989,0.020510000000000028,-1.0,291424.0
0.047190000000000065,0.020510000000000028,-1.0,123830.0
0.06719999999999993,0.020510000000000028,-1.0,45210.2
-0.06620000000000004,0.027179999999999982,-1.0,201859.0
-0.05953000000000008,0.027179999999999982,-1.0,164668.0
-0.05286000000000002,0.027179999999999982,-1.0,239421.0
-0.046190000000000064,0.027179999999999982,-1.0,239085.0
-0.03952,0.027179999999999982,-1.0,774200.0
-0.032850000000000046,0.027179999999999982,-1.0,732760.0
-0.026180000000000092,0.027179999999999982,-1.0,2017400.0
-0.019510000000000027,0.027179999999999982,-1.0,2014600.0
-0.012840000000000074,0.027179999999999982,-1.0,3036600.0
-0.006170000000000009,0.027179999999999982,-1.0,3014480.0
0.0004999999999999449,0.027179999999999982,-1.0,2513980.0
0.007169999999999899,0.027179999999999982,-1.0,1255100.0
0.013839999999999852,0.027179999999999982,-1.0,1395100.0
0.020510000000000028,0.027179999999999982,-1.0,874160.0
0.027179999999999982,0.027179999999999982,-1.0,402352.99999999994
0.033849999999999936,0.027179999999999982,-1.0,126287.0
0.04051999999999989,0.027179999999999982,-1.0,214284.0
0.05386000000000002,0.027179999999999982,-1.0,41427.4
-0.06620000000000004,0.033849999999999936,-1.0,40502.0
-0.05953000000000008,0.033849999999999936,-1.0,124621.0
-0.05286000000000002,0.033849999999999936,-1.0,164633.0
-0.046190000000000064,0.033849999999999936,-1.0,473893.0
-0.03952,0.033849999999999936,-1.0,785330.0
-0.032850000000000046,0.033849999999999936,-1.0,887530.0
-0.026180000000000092,0.033849999999999936,-1.0,1093890.0
-0.019510000000000027,0.033849999999999936,-1.0,1364370.0
-0.012840000000000074,0.033849999999999936,-1.0,1013250.0
-0.006170000000000009,0.033849999999999936,-1.0,1461320.0
0.0004999999999999449,0.033849999999999936,-1.0,1378440.0
0.007169999999999899,0.033849999999999936,-1.0,867160.0
0.013839999999999852,0.033849999999999936,-1.0,358085.0
0.020510000000000028,0.033849999999999936,-1.0,661073.0
0.027179999999999982,0.033849999999999936,-1.0,292075.0
0.033849999999999936,0.033849999999999936,-1.0,197351.0
0.04051999999999989,0.033849999999999936,-1.0,39392.5
0.047190000000000065,0.033849999999999936,-1.0,44961.700000000004
-0.06620000000000004,0.04051999999999989,-1.0,7928.9
-0.046190000000000064,0.04051999999999989,-1.0,144872.0
-0.03952,0.04051999999999989,-1.0,362145.0
-0.032850000000000046,0.04051999999999989,-1.0,373576.0
-0.026180000000000092,0.04051999999999989,-1.0,479444.0
-0.019510000000000027,0.04051999999999989,-1.0,582673.0
-0.012840000000000074,0.04051999999999989,-1.0,736820.0
-0.006170000000000009,0.04051999999999989,-1.0,904470.0
0.0004999999999999449,0.04051999999999989,-1.0,815850.0
0.007169999999999899,0.04051999999999989,-1.0,484008.0
0.013839999999999852,0.04051999999999989,-1.0,411320.0
0.020510000000000028,0.04051999999999989,-1.0,395227.0
0.033849999999999936,0.04051999999999989,-1.0,204708.0
-0.06620000000000004,0.047190000000000065,-1.0,70175.0
-0.05286000000000002,0.047190000000000065,-1.0,85862.0
-0.046190000000000064,0.047190000000000065,-1.0,159446.0
-0.03952,0.047190000000000065,-1.0,81557.0
-0.032850000000000046,0.047190000000000065,-1.0,164661.0
-0.026180000000000092,0.047190000000000065,-1.0,289730.0
-0.019510000000000027,0.047190000000000065,-1.0,287231.0
-0.012840000000000074,0.047190000000000065,-1.0,505708.0
-0.006170000000000009,0.047190000000000065,-1.0,485849.0
0.0004999999999999449,0.047190000000000065,-1.0,340459.0
0.007169999999999899,0.047190000000000065,-1.0,318304.0
0.013839999999999852,0.047190000000000065,-1.0,242837.0
0.020510000000000028,0.047190000000000065,-1.0,50124.9
0.027179999999999982,0.047190000000000065,-1.0,78498.0
0.033849999999999936,0.047190000000000065,-1.0,43698.200000000004
0.04051999999999989,0.047190000000000065,-1.0,79982.0
0.047190000000000065,0.047190000000000065,-1.0,39168.5
-0.03952,0.05386000000000002,-1.0,119616.0
-0.032850000000000046,0.05386000000000002,-1.0,203448.0
-0.026180000000000092,0.05386000000000002,-1.0,130256.0
-0.019510000000000027,0.05386000000000002,-1.0,236068.0
-0.012840000000000074,0.05386000000000002,-1.0,225358.0
-0.006170000000000009,0.05386000000000002,-1.0,208677.0
0.0004999999999999449,0.05386000000000002,-1.0,171185.0
0.007169999999999899,0.05386000000000002,-1.0,131747.0
0.013839999999999852,0.05386000000000002,-1.0,159558.0
0.020510000000000028,0.05386000000000002,-1.0,123046.0
0.05386000000000002,0.05386000000000002,-1.0,39668.3
-0.046190000000000064,0.06052999999999997,-1.0,39755.100000000006
-0.03952,0.06052999999999997,-1.0,41038.2
-0.032850000000000046,0.06052999999999997,-1.0,79079.0
-0.026180000000000092,0.06052999999999997,-1.0,40885.600000000006
-0.019510000000000027,0.06052999999999997,-1.0,75733.0
-0.012840000000000074,0.06052999999999997,-1.0,14789.6
-0.006170000000000009,0.06052999999999997,-1.0,42828.1
0.0004999999999999449,0.06052999999999997,-1.0,42504.0
0.007169999999999899,0.06052999999999997,-1.0,77658.0
0.013839999999999852,0.06052999999999997,-1.0,198.52
0.020510000000000028,0.06052999999999997,-1.0,41729.100000000006
0.020510000000000028,0.06719999999999993,-1.0,86408.0
0.0004999999999999449,0.07386999999999988,-1.0,43815.1
-0.019510000000000027,-0.08621000000000001,-0.99333,51090.2
0.047190000000000065,-0.08621000000000001,-0.99333,301.952
-0.019510000000000027,-0.07954000000000006,-0.99333,47907.3
-0.019510000000000027,-0.07286999999999999,-0.99333,46125.1
-0.012840000000000074,-0.07286999999999999,-0.99333,46643.1
-0.006170000000000009,-0.07286999999999999,-0.99333,100884.0
0.0004999999999999449,-0.07286999999999999,-0.99333,97209.0
-0.032850000000000046,-0.06620000000000004,-0.99333,48380.5
-0.026180000000000092,-0.06620000000000004,-0.99333,47679.799999999996
-0.019510000000000027,-0.06620000000000004,-0.99333,95718.0
-0.012840000000000074,-0.06620000000000004,-0.99333,144354.0
0.0004999999999999449,-0.06620000000000004,-0.99333,46881.100000000006
0.020510000000000028,-0.06620000000000004,-0.99333,44256.8
-0.05953000000000008,-0.05953000000000008,-0.99333,47199.6
-0.05286000000000002,-0.05953000000000008,-0.99333,48953.799999999996
-0.032850000000000046,-0.05953000000000008,-0.99333,144200.0
-0.026180000000000092,-0.05953000000000008,-0.99333,190743.0
-0.019510000000000027,-0.05953000000000008,-0.99333,241458.0
-0.012840000000000074,-0.05953000000000008,-0.99333,102214.0
-0.006170000000000009,-0.05953000000000008,-0.99333,209734.0
0.0004999999999999449,-0.05953000000000008,-0.99333,177184.0
0.007169999999999899,-0.05953000000000008,-0.99333,194466.99999999997
0.013839999999999852,-0.05953000000000008,-0.99333,265580.0
0.027179999999999982,-0.05953000000000008,-0.99333,94577.0
0.033849999999999936,-0.05953000000000008,-0.99333,95466.0
-0.046190000000000064,-0.05286000000000002,-0.99333,152432.0
-0.03952,-0.05286000000000002,-0.99333,230923.0
-0.032850000000000046,-0.05286000000000002,-0.99333,178185.0
-0.026180000000000092,-0.05286000000000002,-0.99333,285971.0
-0.019510000000000027,-0.05286000000000002,-0.99333,624687.0
-0.012840000000000074,-0.05286000000000002,-0.99333,515207.0
-0.006170000000000009,-0.05286000000000002,-0.99333,303639.0
0.0004999999999999449,-0.05286000000000002,-0.99333,362383.0
0.007169999999999899,-0.05286000000000002,-0.99333,640605.0
0.013839999999999852,-0.05286000000000002,-0.99333,283276.0
0.020510000000000028,-0.05286000000000002,-0.99333,192248.0
0.027179999999999982,-0.05286000000000002,-0.99333,120778.0
0.033849999999999936,-0.05286000000000002,-0.99333,47193.299999999996
0.047190000000000065,-0.05286000000000002,-0.99333,47532.1
0.05386000000000002,-0.05286000000000002,-0.99333,48255.2
-0.05953000000000008,-0.046190000000000064,-0.99333,144445.0
-0.05286000000000002,-0.046190000000000064,-0.99333,50227.799999999996
-0.046190000000000064,-0.046190000000000064,-0.99333,499807.0
-0.03952,-0.046190000000000064,-0.99333,194390.0
-0.032850000000000046,-0.046190000000000064,-0.99333,563745.0
-0.026180000000000092,-0.046190000000000064,-0.99333,724990.0
-0.019510000000000027,-0.046190000000000064,-0.99333,381647.0
-0.012840000000000074,-0.046190000000000064,-0.99333,991410.0
-0.006170000000000009,-0.046190000000000064,-0.99333,903210.0
0.0004999999999999449,-0.046190000000000064,-0.99333,733740.0
0.007169999999999899,-0.046190000000000064,-0.99333,768320.0000000001
0.013839999999999852,-0.046190000000000064,-0.99333,665315.0
0.020510000000000028,-0.046190000000000064,-0.99333,186676.0
0.027179999999999982,-0.046190000000000064,-0.99333,402143.0
0.033849999999999936,-0.046190000000000064,-0.99333,145922.0
0.04051999999999989,-0.046190000000000064,-0.99333,190183.0
0.047190000000000065,-0.046190000000000064,-0.99333,49080.5
-0.07286999999999999,-0.03952,-0.99333,49519.4
-0.06620000000000004,-0.03952,-0.99333,46985.4
-0.05953000000000008,-0.03952,-0.99333,99420.99999999999
-0.05286000000000002,-0.03952,-0.99333,191086.0
-0.046190000000000064,-0.03952,-0.99333,343700.0
-0.03952,-0.03952,-0.99333,605856.9999999999
-0.032850000000000046,-0.03952,-0.99333,635873.0
-0.026180000000000092,-0.03952,-0.99333,1033970.0
-0.019510000000000027,-0.03952,-0.99333,1821400.0
-0.012840000000000074,-0.03952,-0.99333,1725500.0
-0.006170000000000009,-0.03952,-0.99333,1368220.0
0.0004999999999999449,-0.03952,-0.99333,1386630.0
0.007169999999999899,-0.03952,-0.99333,919309.9999999999
0.013839999999999852,-0.03952,-0.99333,880670.0
0.020510000000000028,-0.03952,-0.99333,430899.0
0.027179999999999982,-0.03952,-0.99333,291851.0
0.033849999999999936,-0.03952,-0.99333,322748.99999999994
0.04051999999999989,-0.03952,-0.99333,102186.0
0.05386000000000002,-0.03952,-0.99333,47964.0
-0.08621000000000001,-0.032850000000000046,-0.99333,46991.0
-0.07954000000000006,-0.032850000000000046,-0.99333,48425.3
-0.07286999999999999,-0.032850000000000046,-0.99333,48169.1
-0.06620000000000004,-0.032850000000000046,-0.99333,47555.2
-0.05953000000000008,-0.032850000000000046,-0.99333,130403.0
-0.05286000000000002,-0.032850000000000046,-0.99333,337127.0
-0.046190000000000064,-0.032850000000000046,-0.99333,723240.0
-0.03952,-0.032850000000000046,-0.99333,891940.0000000001
-0.032850000000000046,-0.032850000000000046,-0.99333,1304869.9999999998
-0.026180000000000092,-0.032850000000000046,-0.99333,1806560.0
-0.019510000000000027,-0.032850000000000046,-0.99333,2611350.0
-0.012840000000000074,-0.032850000000000046,-0.99333,3086860.0
-0.006170000000000009,-0.032850000000000046,-0.99333,2298240.0
0.0004999999999999449,-0.032850000000000046,-0.99333,2960650.0
0.007169999999999899,-0.032850000000000046,-0.99333,1752590.0
0.013839999999999852,-0.032850000000000046,-0.99333,1263710.0
0.020510000000000028,-0.032850000000000046,-0.99333,1441650.0
0.027179999999999982,-0.032850000000000046,-0.99333,717150.0
0.033849999999999936,-0.032850000000000046,-0.99333,360899.0
0.04051999999999989,-0.032850000000000046,-0.99333,432341.0
0.047190000000000065,-0.032850000000000046,-0.99333,215852.0
0.06052999999999997,-0.032850000000000046,-0.99333,50859.2
-0.07954000000000006,-0.026180000000000092,-0.99333,47796.700000000004
-0.07286999999999999,-0.026180000000000092,-0.99333,256872.0
-0.06620000000000004,-0.026180000000000092,-0.99333,151361.0
-0.05953000000000008,-0.026180000000000092,-0.99333,141141.0
-0.05286000000000002,-0.026180000000000092,-0.99333,582351.0
-0.046190000000000064,-0.026180000000000092,-0.99333,937790.0
-0.03952,-0.026180000000000092,-0.99333,1794660.0000000002
-0.032850000000000046,-0.026180000000000092,-0.99333,2047430.0
-0.026180000000000092,-0.026180000000000092,-0.99333,2544710.0
-0.019510000000000027,-0.026180000000000092,-0.99333,3722530.0
-0.012840000000000074,-0.026180000000000092,-0.99333,3875270.0
-0.006170000000000009,-0.026180000000000092,-0.99333,3232180.0
0.0004999999999999449,-0.026180000000000092,-0.99333,3296650.0
0.007169999999999899,-0.026180000000000092,-0.99333,3381420.0
0.013839999999999852,-0.026180000000000092,-0.99333,2673370.0
0.020510000000000028,-0.026180000000000092,-0.99333,1376690.0
0.027179999999999982,-0.026180000000000092,-0.99333,679875.0
0.033849999999999936,-0.026180000000000092,-0.99333,481516.0
0.04051999999999989,-0.026180000000000092,-0.99333,330995.0
0.047190000000000065,-0.026180000000000092,-0.99333,226058.0
-0.07286999999999999,-0.019510000000000027,-0.99333,69968.5
-0.06620000000000004,-0.019510000000000027,-0.99333,97559.0
-0.05953000000000008,-0.019510000000000027,-0.99333,291193.0
-0.05286000000000002,-0.019510000000000027,-0.99333,453327.0
-0.046190000000000064,-0.019510000000000027,-0.99333,617589.0
-0.03952,-0.019510000000000027,-0.99333,1807050.0
-0.032850000000000046,-0.019510000000000027,-0.99333,3765580.0
-0.026180000000000092,-0.019510000000000027,-0.99333,4436460.0
-0.019510000000000027,-0.019510000000000027,-0.99333,4845680.0
-0.012840000000000074,-0.019510000000000027,-0.99333,5215980.0
-0.006170000000000009,-0.019510000000000027,-0.99333,6289570.0
0.0004999999999999449,-0.019510000000000027,-0.99333,5323220.0
0.007169999999999899,-0.019510000000000027,-0.99333,4025980.0
0.013839999999999852,-0.019510000000000027,-0.99333,2757930.0
0.020510000000000028,-0.019510000000000027,-0.99333,1616300.0
0.027179999999999982,-0.019510000000000027,-0.99333,1219400.0000000002
0.033849999999999936,-0.019510000000000027,-0.99333,763980.0
0.04051999999999989,-0.019510000000000027,-0.99333,294630.0
0.047190000000000065,-0.019510000000000027,-0.99333,337792.0
0.05386000000000002,-0.019510000000000027,-0.99333,97363.0
-0.09955000000000003,-0.012840000000000074,-0.99333,46511.5
-0.09288000000000007,-0.012840000000000074,-0.99333,1549.38
-0.07286999999999999,-0.012840000000000074,-0.99333,93583.0
-0.06620000000000004,-0.012840000000000074,-0.99333,189182.0
-0.05953000000000008,-0.012840000000000074,-0.99333,238301.0
-0.05286000000000002,-0.012840000000000074,-0.99333,525742.0
-0.046190000000000064,-0.012840000000000074,-0.99333,2056810.0
-0.03952,-0.012840000000000074,-0.99333,2592100.0
-0.032850000000000046,-0.012840000000000074,-0.99333,4185930.0
-0.026180000000000092,-0.012840000000000074,-0.99333,5135200.0
-0.019510000000000027,-0.012840000000000074,-0.99333,6257930.0
-0.012840000000000074,-0.012840000000000074,-0.99333,5345270.0
-0.006170000000000009,-0.012840000000000074,-0.99333,7658700.0
0.0004999999999999449,-0.012840000000000074,-0.99333,6547520.0
0.007169999999999899,-0.012840000000000074,-0.99333,4908680.0
0.013839999999999852,-0.012840000000000074,-0.99333,3622290.0
0.020510000000000028,-0.012840000000000074,-0.99333,2468270.0
0.027179999999999982,-0.012840000000000074,-0.99333,1229900.0
0.033849999999999936,-0.012840000000000074,-0.99333,949480.0
0.04051999999999989,-0.012840000000000074,-0.99333,335202.0
0.047190000000000065,-0.012840000000000074,-0.99333,96467.0
0.05386000000000002,-0.012840000000000074,-0.99333,44223.9
0.06052999999999997,-0.012840000000000074,-0.99333,47744.899999999994
-0.07954000000000006,-0.006170000000000009,-0.99333,98756.0
-0.07286999999999999,-0.006170000000000009,-0.99333,48089.299999999996
-0.06620000000000004,-0.006170000000000009,-0.99333,196966.0
-0.05953000000000008,-0.006170000000000009,-0.99333,674660.0
-0.05286000000000002,-0.006170000000000009,-0.99333,783090.0
-0.046190000000000064,-0.006170000000000009,-0.99333,1640660.0
-0.03952,-0.006170000000000009,-0.99333,2354520.0
-0.032850000000000046,-0.006170000000000009,-0.99333,4114390.0
-0.026180000000000092,-0.006170000000000009,-0.99333,5113780.0
-0.019510000000000027,-0.006170000000000009,-0.99333,7198800.0
-0.012840000000000074,-0.006170000000000009,-0.99333,7877800.0
-0.006170000000000009,-0.006170000000000009,-0.99333,8399300.0
0.0004999999999999449,-0.006170000000000009,-0.99333,7369600.0
0.007169999999999899,-0.006170000000000009,-0.99333,6041350.000000001
0.013839999999999852,-0.006170000000000009,-0.99333,4346510.0
0.020510000000000028,-0.006170000000000009,-0.99333,2474080.0
0.027179999999999982,-0.006170000000000009,-0.99333,1557990.0
0.033849999999999936,-0.006170000000000009,-0.99333,971530.0
0.04051999999999989,-0.006170000000000009,-0.99333,519512.0
0.047190000000000065,-0.006170000000000009,-0.99333,243649.0
0.05386000000000002,-0.006170000000000009,-0.99333,98462.0
-0.08621000000000001,0.0004999999999999449,-0.99333,48532.4
-0.07954000000000006,0.0004999999999999449,-0.99333,46624.2
-0.07286999999999999,0.0004999999999999449,-0.99333,96376.0
-0.06620000000000004,0.0004999999999999449,-0.99333,97166.99999999999
-0.05953000000000008,0.0004999999999999449,-0.99333,145789.0
-0.05286000000000002,0.0004999999999999449,-0.99333,887110.0
-0.046190000000000064,0.0004999999999999449,-0.99333,1720250.0
-0.03952,0.0004999999999999449,-0.99333,2492700.0
-0.032850000000000046,0.0004999999999999449,-0.99333,4520109.999999999
-0.026180000000000092,0.0004999999999999449,-0.99333,5568570.0
-0.019510000000000027,0.0004999999999999449,-0.99333,6450080.0
-0.012840000000000074,0.0004999999999999449,-0.99333,8246700.0
-0.006170000000000009,0.0004999999999999449,-0.99333,6452110.0
0.0004999999999999449,0.0004999999999999449,-0.99333,7028000.0
0.007169999999999899,0.0004999999999999449,-0.99333,5487300.0
0.013839999999999852,0.0004999999999999449,-0.99333,3850490.0
0.020510000000000028,0.0004999999999999449,-0.99333,2447830.0
0.027179999999999982,0.0004999999999999449,-0.99333,1805650.0000000002
0.033849999999999936,0.0004999999999999449,-0.99333,1181320.0
0.04051999999999989,0.0004999999999999449,-0.99333,580251.0
0.047190000000000065,0.0004999999999999449,-0.99333,341439.0
0.05386000000000002,0.0004999999999999449,-0.99333,45661.0
0.06052999999999997,0.0004999999999999449,-0.99333,65415.7
-0.08621000000000001,0.007169999999999899,-0.99333,46699.799999999996
-0.07954000000000006,0.007169999999999899,-0.99333,47812.1
-0.07286999999999999,0.007169999999999899,-0.99333,96348.0
-0.06620000000000004,0.007169999999999899,-0.99333,45486.0
-0.05953000000000008,0.007169999999999899,-0.99333,726740.0
-0.05286000000000002,0.007169999999999899,-0.99333,735700.0
-0.046190000000000064,0.007169999999999899,-0.99333,1244810.0
-0.03952,0.007169999999999899,-0.99333,2429420.0
-0.032850000000000046,0.007169999999999899,-0.99333,4071270.0
-0.026180000000000092,0.007169999999999899,-0.99333,3900120.0
-0.019510000000000027,0.007169999999999899,-0.99333,7146300.0
-0.012840000000000074,0.007169999999999899,-0.99333,7501200.0
-0.006170000000000009,0.007169999999999899,-0.99333,6513010.0
0.0004999999999999449,0.007169999999999899,-0.99333,5905340.0
0.007169999999999899,0.007169999999999899,-0.99333,4548460.0
0.013839999999999852,0.007169999999999899,-0.99333,3748080.0
0.020510000000000028,0.007169999999999899,-0.99333,1829380.0
0.027179999999999982,0.007169999999999899,-0.99333,1373050.0
0.033849999999999936,0.007169999999999899,-0.99333,1113140.0
0.04051999999999989,0.007169999999999899,-0.99333,630833.0
0.047190000000000065,0.007169999999999899,-0.99333,93394.0
0.05386000000000002,0.007169999999999899,-0.99333,98147.0
0.06052999999999997,0.007169999999999899,-0.99333,129115.0
0.07386999999999988,0.007169999999999899,-0.99333,46914.0
-0.07954000000000006,0.013839999999999852,-0.99333,48957.299999999996
-0.06620000000000004,0.013839999999999852,-0.99333,49250.6
-0.05953000000000008,0.013839999999999852,-0.99333,291977.0
-0.05286000000000002,0.013839999999999852,-0.99333,707000.0
-0.046190000000000064,0.013839999999999852,-0.99333,959210.0
-0.03952,0.013839999999999852,-0.99333,2504670.0
-0.032850000000000046,0.013839999999999852,-0.99333,3303510.0
-0.026180000000000092,0.013839999999999852,-0.99333,4168360.0
-0.019510000000000027,0.013839999999999852,-0.99333,4107600.0
-0.012840000000000074,0.013839999999999852,-0.99333,5168380.0
-0.006170000000000009,0.013839999999999852,-0.99333,5579630.0
0.0004999999999999449,0.013839999999999852,-0.99333,3904320.0000000005
0.007169999999999899,0.013839999999999852,-0.99333,4667390.000000001
0.013839999999999852,0.013839999999999852,-0.99333,3651620.0
0.020510000000000028,0.013839999999999852,-0.99333,1511370.0
0.027179999999999982,0.013839999999999852,-0.99333,1320480.0
0.033849999999999936,0.013839999999999852,-0.99333,1074780.0
0.04051999999999989,0.013839999999999852,-0.99333,342482.0
0.047190000000000065,0.013839999999999852,-0.99333,70105.0
0.06052999999999997,0.013839999999999852,-0.99333,47724.600000000006
-0.08621000000000001,0.020510000000000028,-0.99333,100247.0
-0.06620000000000004,0.020510000000000028,-0.99333,83573.0
-0.05953000000000008,0.020510000000000028,-0.99333,453194.0
-0.05286000000000002,0.020510000000000028,-0.99333,855120.0
-0.046190000000000064,0.020510000000000028,-0.99333,804720.0
-0.03952,0.020510000000000028,-0.99333,1483440.0
-0.032850000000000046,0.020510000000000028,-0.99333,2394280.0
-0.026180000000000092,0.020510000000000028,-0.99333,3708950.0
-0.019510000000000027,0.020510000000000028,-0.99333,3174290.0
-0.012840000000000074,0.020510000000000028,-0.99333,4031300.0000000005
-0.006170000000000009,0.020510000000000028,-0.99333,4637010.0
0.0004999999999999449,0.020510000000000028,-0.99333,3669820.0
0.007169999999999899,0.020510000000000028,-0.99333,3263610.0
0.013839999999999852,0.020510000000000028,-0.99333,2325190.0
0.020510000000000028,0.020510000000000028,-0.99333,1550850.0
0.027179999999999982,0.020510000000000028,-0.99333,818720.0
0.033849999999999936,0.020510000000000028,-0.99333,705040.0
0.04051999999999989,0.020510000000000028,-0.99333,339878.0
0.047190000000000065,0.020510000000000028,-0.99333,175091.0
0.06719999999999993,0.020510000000000028,-0.99333,48283.9
-0.06620000000000004,0.027179999999999982,-0.99333,245630.0
-0.05953000000000008,0.027179999999999982,-0.99333,145201.0
-0.05286000000000002,0.027179999999999982,-0.99333,281575.0
-0.046190000000000064,0.027179999999999982,-0.99333,289877.0
-0.03952,0.027179999999999982,-0.99333,921760.0
-0.032850000000000046,0.027179999999999982,-0.99333,897890.0
-0.026180000000000092,0.027179999999999982,-0.99333,2414020.0
-0.019510000000000027,0.027179999999999982,-0.99333,2533790.0
-0.012840000000000074,0.027179999999999982,-0.99333,3534580.0
-0.006170000000000009,0.027179999999999982,-0.99333,3524429.9999999995
0.0004999999999999449,0.027179999999999982,-0.99333,2988860.0
0.007169999999999899,0.027179999999999982,-0.99333,1578010.0
0.013839999999999852,0.027179999999999982,-0.99333,1685180.0
0.020510000000000028,0.027179999999999982,-0.99333,963900.0
0.027179999999999982,0.027179999999999982,-0.99333,467222.0
0.033849999999999936,0.027179999999999982,-0.99333,156352.0
0.04051999999999989,0.027179999999999982,-0.99333,221592.0
0.05386000000000002,0.027179999999999982,-0.99333,48014.4
-0.06620000000000004,0.033849999999999936,-0.99333,47656.0
-0.05953000000000008,0.033849999999999936,-0.99333,193333.0
-0.05286000000000002,0.033849999999999936,-0.99333,201187.0
-0.046190000000000064,0.033849999999999936,-0.99333,515907.0
-0.03952,0.033849999999999936,-0.99333,904890.0
-0.032850000000000046,0.033849999999999936,-0.99333,1115030.0
-0.026180000000000092,0.033849999999999936,-0.99333,1244320.0
-0.019510000000000027,0.033849999999999936,-0.99333,1629670.0
-0.012840000000000074,0.033849999999999936,-0.99333,1304240.0
-0.006170000000000009,0.033849999999999936,-0.99333,1615110.0
0.0004999999999999449,0.033849999999999936,-0.99333,1647380.0
0.007169999999999899,0.033849999999999936,-0.99333,957740.0
0.013839999999999852,0.033849999999999936,-0.99333,408359.0
0.020510000000000028,0.033849999999999936,-0.99333,790720.0
0.027179999999999982,0.033849999999999936,-0.99333,452662.0
0.033849999999999936,0.033849999999999936,-0.99333,186382.0
0.04051999999999989,0.033849999999999936,-0.99333,77609.0
0.047190000000000065,0.033849999999999936,-0.99333,47836.6
-0.06620000000000004,0.04051999999999989,-0.99333,46861.5
-0.046190000000000064,0.04051999999999989,-0.99333,220318.0
-0.03952,0.04051999999999989,-0.99333,400421.0
-0.032850000000000046,0.04051999999999989,-0.99333,484848.0
-0.026180000000000092,0.04051999999999989,-0.99333,525287.0
-0.019510000000000027,0.04051999999999989,-0.99333,684166.0
-0.012840000000000074,0.04051999999999989,-0.99333,893690.0
-0.006170000000000009,0.04051999999999989,-0.99333,1066660.0
0.0004999999999999449,0.04051999999999989,-0.99333,877310.0
0.007169999999999899,0.04051999999999989,-0.99333,594804.0
0.013839999999999852,0.04051999999999989,-0.99333,493220.0
0.020510000000000028,0.04051999999999989,-0.99333,445144.0
0.027179999999999982,0.04051999999999989,-0.99333,34069.7
0.033849999999999936,0.04051999999999989,-0.99333,239890.0
-0.06620000000000004,0.047190000000000065,-0.99333,47824.0
-0.05286000000000002,0.047190000000000065,-0.99333,95095.0
-0.046190000000000064,0.047190000000000065,-0.99333,195461.0
-0.03952,0.047190000000000065,-0.99333,187439.0
-0.032850000000000046,0.047190000000000065,-0.99333,132937.0
-0.026180000000000092,0.047190000000000065,-0.99333,337456.0
-0.019510000000000027,0.047190000000000065,-0.99333,300048.00000000006
-0.012840000000000074,0.047190000000000065,-0.99333,537978.0
-0.006170000000000009,0.047190000000000065,-0.99333,668605.0
0.0004999999999999449,0.047190000000000065,-0.99333,478646.0
0.007169999999999899,0.047190000000000065,-0.99333,343889.0
0.013839999999999852,0.047190000000000065,-0.99333,252602.0
0.020510000000000028,0.047190000000000065,-0.99333,36343.3
0.027179999999999982,0.047190000000000065,-0.99333,83671.0
0.033849999999999936,0.047190000000000065,-0.99333,47889.799999999996
0.04051999999999989,0.047190000000000065,-0.99333,96908.0
0.047190000000000065,0.047190000000000065,-0.99333,46271.4
-0.03952,0.05386000000000002,-0.99333,141351.0
-0.032850000000000046,0.05386000000000002,-0.99333,202972.0
-0.026180000000000092,0.05386000000000002,-0.99333,232547.0
-0.019510000000000027,0.05386000000000002,-0.99333,274932.0
-0.012840000000000074,0.05386000000000002,-0.99333,236915.0
-0.006170000000000009,0.05386000000000002,-0.99333,185752.0
0.0004999999999999449,0.05386000000000002,-0.99333,138061.0
0.007169999999999899,0.05386000000000002,-0.99333,231371.0
0.013839999999999852,0.05386000000000002,-0.99333,150549.0
0.020510000000000028,0.05386000000000002,-0.99333,144564.0
0.05386000000000002,0.05386000000000002,-0.99333,47380.9
-0.046190000000000064,0.06052999999999997,-0.99333,48644.4
-0.03952,0.06052999999999997,-0.99333,46139.799999999996
-0.032850000000000046,0.06052999999999997,-0.99333,94437.0
-0.026180000000000092,0.06052999999999997,-0.99333,49699.3
-0.019510000000000027,0.06052999999999997,-0.99333,96614.0
-0.012840000000000074,0.06052999999999997,-0.99333,49641.200000000004
-0.006170000000000009,0.06052999999999997,-0.99333,46138.4
0.0004999999999999449,0.06052999999999997,-0.99333,77560.0
0.007169999999999899,0.06052999999999997,-0.99333,48945.399999999994
0.013839999999999852,0.06052999999999997,-0.99333,47183.5
0.020510000000000028,0.06052999999999997,-0.99333,51859.5
0.020510000000000028,0.06719999999999993,-0.99333,97216.0
0.0004999999999999449,0.07386999999999988,-0.99333,47610.5
-0.03952,-0.23962000000000006,-0.98666,3671.78
-0.032850000000000046,-0.23962000000000006,-0.98666,5518.24
-0.03952,-0.23295,-0.98666,272.72
-0.032850000000000046,-0.23295,-0.98666,66.3425
-0.019510000000000027,-0.08621000000000001,-0.98666,57087.8
-0.012840000000000074,-0.08621000000000001,-0.98666,7859.6
-0.019510000000000027,-0.07954000000000006,-0.98666,47026.700000000004
-0.019510000000000027,-0.07286999999999999,-0.98666,78631.0
-0.012840000000000074,-0.07286999999999999,-0.98666,113190.0
-0.006170000000000009,-0.07286999999999999,-0.98666,88900.0
0.0004999999999999449,-0.07286999999999999,-0.98666,133035.0
-0.032850000000000046,-0.06620000000000004,-0.98666,63965.3
-0.026180000000000092,-0.06620000000000004,-0.98666,34778.1
-0.019510000000000027,-0.06620000000000004,-0.98666,183533.0
-0.012840000000000074,-0.06620000000000004,-0.98666,161266.0
0.0004999999999999449,-0.06620000000000004,-0.98666,22259.3
0.007169999999999899,-0.06620000000000004,-0.98666,40847.799999999996
0.020510000000000028,-0.06620000000000004,-0.98666,65638.3
-0.05953000000000008,-0.05953000000000008,-0.98666,62176.8
-0.05286000000000002,-0.05953000000000008,-0.98666,68115.59999999999
-0.032850000000000046,-0.05953000000000008,-0.98666,243124.0
-0.026180000000000092,-0.05953000000000008,-0.98666,213486.0
-0.019510000000000027,-0.05953000000000008,-0.98666,240457.0
-0.012840000000000074,-0.05953000000000008,-0.98666,143570.0
-0.006170000000000009,-0.05953000000000008,-0.98666,256536.0
0.0004999999999999449,-0.05953000000000008,-0.98666,256676.0
0.007169999999999899,-0.05953000000000008,-0.98666,261415.0
0.013839999999999852,-0.05953000000000008,-0.98666,387954.0
0.027179999999999982,-0.05953000000000008,-0.98666,127008.0
0.033849999999999936,-0.05953000000000008,-0.98666,131124.0
-0.046190000000000064,-0.05286000000000002,-0.98666,258328.0
-0.03952,-0.05286000000000002,-0.98666,274246.0
-0.032850000000000046,-0.05286000000000002,-0.98666,276234.0
-0.026180000000000092,-0.05286000000000002,-0.98666,346927.0
-0.019510000000000027,-0.05286000000000002,-0.98666,957320.0
-0.012840000000000074,-0.05286000000000002,-0.98666,684012.0
-0.006170000000000009,-0.05286000000000002,-0.98666,416262.0
0.0004999999999999449,-0.05286000000000002,-0.98666,501333.0
0.007169999999999899,-0.05286000000000002,-0.98666,763630.0
0.013839999999999852,-0.05286000000000002,-0.98666,382102.0
0.020510000000000028,-0.05286000000000002,-0.98666,226044.0
0.027179999999999982,-0.05286000000000002,-0.98666,171178.0
0.033849999999999936,-0.05286000000000002,-0.98666,62796.3
0.047190000000000065,-0.05286000000000002,-0.98666,62008.1
0.05386000000000002,-0.05286000000000002,-0.98666,66519.6
-0.05953000000000008,-0.046190000000000064,-0.98666,116011.0
-0.05286000000000002,-0.046190000000000064,-0.98666,63866.6
-0.046190000000000064,-0.046190000000000064,-0.98666,685860.0
-0.03952,-0.046190000000000064,-0.98666,301266.0
-0.032850000000000046,-0.046190000000000064,-0.98666,696115.0
-0.026180000000000092,-0.046190000000000064,-0.98666,1117830.0
-0.019510000000000027,-0.046190000000000064,-0.98666,472801.0
-0.012840000000000074,-0.046190000000000064,-0.98666,1304030.0
-0.006170000000000009,-0.046190000000000064,-0.98666,1232770.0
0.0004999999999999449,-0.046190000000000064,-0.98666,1026060.0
0.007169999999999899,-0.046190000000000064,-0.98666,1006040.0
0.013839999999999852,-0.046190000000000064,-0.98666,877450.0
0.020510000000000028,-0.046190000000000064,-0.98666,236187.0
0.027179999999999982,-0.046190000000000064,-0.98666,643986.0
0.033849999999999936,-0.046190000000000064,-0.98666,154938.0
0.04051999999999989,-0.046190000000000064,-0.98666,212534.0
0.047190000000000065,-0.046190000000000064,-0.98666,64533.7
-0.07286999999999999,-0.03952,-0.98666,61950.7
-0.06620000000000004,-0.03952,-0.98666,63440.3
-0.05953000000000008,-0.03952,-0.98666,210350.0
-0.05286000000000002,-0.03952,-0.98666,225554.0
-0.046190000000000064,-0.03952,-0.98666,367815.0
-0.03952,-0.03952,-0.98666,752850.0
-0.032850000000000046,-0.03952,-0.98666,871150.0
-0.026180000000000092,-0.03952,-0.98666,1323350.0
-0.019510000000000027,-0.03952,-0.98666,2327920.0
-0.012840000000000074,-0.03952,-0.98666,2329810.0
-0.006170000000000009,-0.03952,-0.98666,1931230.0
0.0004999999999999449,-0.03952,-0.98666,1726200.0
0.007169999999999899,-0.03952,-0.98666,1222550.0
0.013839999999999852,-0.03952,-0.98666,1201410.0
0.020510000000000028,-0.03952,-0.98666,588658.0
0.027179999999999982,-0.03952,-0.98666,414288.0
0.033849999999999936,-0.03952,-0.98666,371350.0
0.04051999999999989,-0.03952,-0.98666,176477.0
0.05386000000000002,-0.03952,-0.98666,69822.9
-0.08621000000000001,-0.032850000000000046,-0.98666,2688.35
-0.07954000000000006,-0.032850000000000046,-0.98666,88256.0
-0.07286999999999999,-0.032850000000000046,-0.98666,64524.600000000006
-0.06620000000000004,-0.032850000000000046,-0.98666,63161.7
-0.05953000000000008,-0.032850000000000046,-0.98666,137627.0
-0.05286000000000002,-0.032850000000000046,-0.98666,570339.0
-0.046190000000000064,-0.032850000000000046,-0.98666,911120.0
-0.03952,-0.032850000000000046,-0.98666,1300880.0
-0.032850000000000046,-0.032850000000000046,-0.98666,1848350.0
-0.026180000000000092,-0.032850000000000046,-0.98666,2463090.0
-0.019510000000000027,-0.032850000000000046,-0.98666,3516450.0
-0.012840000000000074,-0.032850000000000046,-0.98666,4238710.0
-0.006170000000000009,-0.032850000000000046,-0.98666,3308760.0
0.0004999999999999449,-0.032850000000000046,-0.98666,3690260.0000000005
0.007169999999999899,-0.032850000000000046,-0.98666,2511040.0
0.013839999999999852,-0.032850000000000046,-0.98666,1784089.9999999998
0.020510000000000028,-0.032850000000000046,-0.98666,1948099.9999999998
0.027179999999999982,-0.032850000000000046,-0.98666,758870.0
0.033849999999999936,-0.032850000000000046,-0.98666,590114.0
0.04051999999999989,-0.032850000000000046,-0.98666,506289.0
0.047190000000000065,-0.032850000000000046,-0.98666,323953.0
0.06052999999999997,-0.032850000000000046,-0.98666,67809.7
-0.08621000000000001,-0.026180000000000092,-0.98666,56317.1
-0.07954000000000006,-0.026180000000000092,-0.98666,84826.0
-0.07286999999999999,-0.026180000000000092,-0.98666,318689.0
-0.06620000000000004,-0.026180000000000092,-0.98666,240387.0
-0.05953000000000008,-0.026180000000000092,-0.98666,210091.0
-0.05286000000000002,-0.026180000000000092,-0.98666,751870.0
-0.046190000000000064,-0.026180000000000092,-0.98666,1302700.0
-0.03952,-0.026180000000000092,-0.98666,2364880.0
-0.032850000000000046,-0.026180000000000092,-0.98666,2794120.0
-0.026180000000000092,-0.026180000000000092,-0.98666,3170650.0
-0.019510000000000027,-0.026180000000000092,-0.98666,4917570.0
-0.012840000000000074,-0.026180000000000092,-0.98666,5048750.0
-0.006170000000000009,-0.026180000000000092,-0.98666,4100880.0
0.0004999999999999449,-0.026180000000000092,-0.98666,4556860.0
0.007169999999999899,-0.026180000000000092,-0.98666,4270070.0
0.013839999999999852,-0.026180000000000092,-0.98666,3326120.0
0.020510000000000028,-0.026180000000000092,-0.98666,2028320.0
0.027179999999999982,-0.026180000000000092,-0.98666,1097040.0
0.033849999999999936,-0.026180000000000092,-0.98666,839790.0
0.04051999999999989,-0.026180000000000092,-0.98666,341943.0
0.047190000000000065,-0.026180000000000092,-0.98666,307930.0
-0.07286999999999999,-0.019510000000000027,-0.98666,64166.9
-0.06620000000000004,-0.019510000000000027,-0.98666,82754.0
-0.05953000000000008,-0.019510000000000027,-0.98666,335657.0
-0.05286000000000002,-0.019510000000000027,-0.98666,648907.0
-0.046190000000000064,-0.019510000000000027,-0.98666,772310.0
-0.03952,-0.019510000000000027,-0.98666,2560740.0
-0.032850000000000046,-0.019510000000000027,-0.98666,4736340.0
-0.026180000000000092,-0.019510000000000027,-0.98666,5944610.0
-0.019510000000000027,-0.019510000000000027,-0.98666,6580700.0
-0.012840000000000074,-0.019510000000000027,-0.98666,6949320.0
-0.006170000000000009,-0.019510000000000027,-0.98666,7929600.0
0.0004999999999999449,-0.019510000000000027,-0.98666,6908859.999999999
0.007169999999999899,-0.019510000000000027,-0.98666,5501580.0
0.013839999999999852,-0.019510000000000027,-0.98666,3703070.0000000005
0.020510000000000028,-0.019510000000000027,-0.98666,2125200.0
0.027179999999999982,-0.019510000000000027,-0.98666,1621270.0
0.033849999999999936,-0.019510000000000027,-0.98666,984550.0
0.04051999999999989,-0.019510000000000027,-0.98666,463799.0
0.047190000000000065,-0.019510000000000027,-0.98666,295442.0
0.05386000000000002,-0.019510000000000027,-0.98666,129528.0
0.06052999999999997,-0.019510000000000027,-0.98666,37215.5
-0.09288000000000007,-0.012840000000000074,-0.98666,62289.5
-0.07286999999999999,-0.012840000000000074,-0.98666,130067.0
-0.06620000000000004,-0.012840000000000074,-0.98666,252371.0
-0.05953000000000008,-0.012840000000000074,-0.98666,487515.0
-0.05286000000000002,-0.012840000000000074,-0.98666,720020.0
-0.046190000000000064,-0.012840000000000074,-0.98666,2885820.0
-0.03952,-0.012840000000000074,-0.98666,3146010.0
-0.032850000000000046,-0.012840000000000074,-0.98666,5674760.0
-0.026180000000000092,-0.012840000000000074,-0.98666,6957580.0
-0.019510000000000027,-0.012840000000000074,-0.98666,8521100.0
-0.012840000000000074,-0.012840000000000074,-0.98666,7606200.0
-0.006170000000000009,-0.012840000000000074,-0.98666,10601500.0
0.0004999999999999449,-0.012840000000000074,-0.98666,8434300.0
0.007169999999999899,-0.012840000000000074,-0.98666,6736310.0
0.013839999999999852,-0.012840000000000074,-0.98666,4774280.0
0.020510000000000028,-0.012840000000000074,-0.98666,3177510.0
0.027179999999999982,-0.012840000000000074,-0.98666,1543220.0
0.033849999999999936,-0.012840000000000074,-0.98666,1202950.0
0.04051999999999989,-0.012840000000000074,-0.98666,439642.0
0.047190000000000065,-0.012840000000000074,-0.98666,181181.0
0.05386000000000002,-0.012840000000000074,-0.98666,63810.6
0.06052999999999997,-0.012840000000000074,-0.98666,63380.1
-0.07954000000000006,-0.006170000000000009,-0.98666,130431.0
-0.07286999999999999,-0.006170000000000009,-0.98666,72702.0
-0.06620000000000004,-0.006170000000000009,-0.98666,219240.0
-0.05953000000000008,-0.006170000000000009,-0.98666,910070.0
-0.05286000000000002,-0.006170000000000009,-0.98666,904890.0
-0.046190000000000064,-0.006170000000000009,-0.98666,2159430.0
-0.03952,-0.006170000000000009,-0.98666,3271100.0
-0.032850000000000046,-0.006170000000000009,-0.98666,5317970.0
-0.026180000000000092,-0.006170000000000009,-0.98666,6555500.0
-0.019510000000000027,-0.006170000000000009,-0.98666,9552900.0
-0.012840000000000074,-0.006170000000000009,-0.98666,10301900.0
-0.006170000000000009,-0.006170000000000009,-0.98666,10997700.000000002
0.0004999999999999449,-0.006170000000000009,-0.98666,10088400.0
0.007169999999999899,-0.006170000000000009,-0.98666,8096900.0
0.013839999999999852,-0.006170000000000009,-0.98666,5478270.0
0.020510000000000028,-0.006170000000000009,-0.98666,3594360.0
0.027179999999999982,-0.006170000000000009,-0.98666,2176650.0
0.033849999999999936,-0.006170000000000009,-0.98666,1339800.0
0.04051999999999989,-0.006170000000000009,-0.98666,663803.0
0.047190000000000065,-0.006170000000000009,-0.98666,318010.0
0.05386000000000002,-0.006170000000000009,-0.98666,184359.0
0.06052999999999997,-0.006170000000000009,-0.98666,8436.4
-0.08621000000000001,0.0004999999999999449,-0.98666,63298.9
-0.07954000000000006,0.0004999999999999449,-0.98666,4918.69
-0.07286999999999999,0.0004999999999999449,-0.98666,182329.0
-0.06620000000000004,0.0004999999999999449,-0.98666,179424.0
-0.05953000000000008,0.0004999999999999449,-0.98666,261884.0
-0.05286000000000002,0.0004999999999999449,-0.98666,1339310.0
-0.046190000000000064,0.0004999999999999449,-0.98666,2023560.0
-0.03952,0.0004999999999999449,-0.98666,3383730.0
-0.032850000000000046,0.0004999999999999449,-0.98666,6147609.999999999
-0.026180000000000092,0.0004999999999999449,-0.98666,7183400.0
-0.019510000000000027,0.0004999999999999449,-0.98666,9012500.0
-0.012840000000000074,0.0004999999999999449,-0.98666,11195100.0
-0.006170000000000009,0.0004999999999999449,-0.98666,8550500.0
0.0004999999999999449,0.0004999999999999449,-0.98666,8647800.0
0.007169999999999899,0.0004999999999999449,-0.98666,7064400.0
0.013839999999999852,0.0004999999999999449,-0.98666,5246290.0
0.020510000000000028,0.0004999999999999449,-0.98666,3152800.0
0.027179999999999982,0.0004999999999999449,-0.98666,2537290.0
0.033849999999999936,0.0004999999999999449,-0.98666,1514380.0
0.04051999999999989,0.0004999999999999449,-0.98666,715260.0
0.047190000000000065,0.0004999999999999449,-0.98666,438039.0
0.06052999999999997,0.0004999999999999449,-0.98666,131383.0
-0.08621000000000001,0.007169999999999899,-0.98666,60162.899999999994
-0.07954000000000006,0.007169999999999899,-0.98666,64796.200000000004
-0.07286999999999999,0.007169999999999899,-0.98666,126035.0
-0.06620000000000004,0.007169999999999899,-0.98666,100380.0
-0.05953000000000008,0.007169999999999899,-0.98666,782880.0
-0.05286000000000002,0.007169999999999899,-0.98666,1023960.0
-0.046190000000000064,0.007169999999999899,-0.98666,1833230.0
-0.03952,0.007169999999999899,-0.98666,3518060.0
-0.032850000000000046,0.007169999999999899,-0.98666,5179860.0
-0.026180000000000092,0.007169999999999899,-0.98666,5289270.000000001
-0.019510000000000027,0.007169999999999899,-0.98666,8845200.0
-0.012840000000000074,0.007169999999999899,-0.98666,10063900.0
-0.006170000000000009,0.007169999999999899,-0.98666,8709400.0
0.0004999999999999449,0.007169999999999899,-0.98666,8386700.0
0.007169999999999899,0.007169999999999899,-0.98666,6377420.0
0.013839999999999852,0.007169999999999899,-0.98666,4662140.0
0.020510000000000028,0.007169999999999899,-0.98666,2650270.0
0.027179999999999982,0.007169999999999899,-0.98666,1995140.0
0.033849999999999936,0.007169999999999899,-0.98666,1353099.9999999998
0.04051999999999989,0.007169999999999899,-0.98666,879480.0
0.047190000000000065,0.007169999999999899,-0.98666,174804.0
0.05386000000000002,0.007169999999999899,-0.98666,132559.0
0.06052999999999997,0.007169999999999899,-0.98666,90461.0
0.07386999999999988,0.007169999999999899,-0.98666,63042.0
-0.07954000000000006,0.013839999999999852,-0.98666,62694.8
-0.06620000000000004,0.013839999999999852,-0.98666,64019.200000000004
-0.05953000000000008,0.013839999999999852,-0.98666,433188.0
-0.05286000000000002,0.013839999999999852,-0.98666,903770.0
-0.046190000000000064,0.013839999999999852,-0.98666,1376480.0
-0.03952,0.013839999999999852,-0.98666,3292449.9999999995
-0.032850000000000046,0.013839999999999852,-0.98666,4485740.0
-0.026180000000000092,0.013839999999999852,-0.98666,5970090.0
-0.019510000000000027,0.013839999999999852,-0.98666,5546450.0
-0.012840000000000074,0.013839999999999852,-0.98666,6681570.0
-0.006170000000000009,0.013839999999999852,-0.98666,7049700.0
0.0004999999999999449,0.013839999999999852,-0.98666,4984770.0
0.007169999999999899,0.013839999999999852,-0.98666,6218240.0
0.013839999999999852,0.013839999999999852,-0.98666,4926950.0
0.020510000000000028,0.013839999999999852,-0.98666,2183090.0
0.027179999999999982,0.013839999999999852,-0.98666,1767990.0
0.033849999999999936,0.013839999999999852,-0.98666,1329440.0
0.04051999999999989,0.013839999999999852,-0.98666,491596.0
0.047190000000000065,0.013839999999999852,-0.98666,113561.0
0.06052999999999997,0.013839999999999852,-0.98666,104881.0
-0.08621000000000001,0.020510000000000028,-0.98666,126420.0
-0.06620000000000004,0.020510000000000028,-0.98666,64466.5
-0.05953000000000008,0.020510000000000028,-0.98666,643349.0
-0.05286000000000002,0.020510000000000028,-0.98666,987070.0000000001
-0.046190000000000064,0.020510000000000028,-0.98666,1257550.0
-0.03952,0.020510000000000028,-0.98666,1803130.0
-0.032850000000000046,0.020510000000000028,-0.98666,3308480.0
-0.026180000000000092,0.020510000000000028,-0.98666,4544680.0
-0.019510000000000027,0.020510000000000028,-0.98666,4445560.0
-0.012840000000000074,0.020510000000000028,-0.98666,5849689.999999999
-0.006170000000000009,0.020510000000000028,-0.98666,6146630.0
0.0004999999999999449,0.020510000000000028,-0.98666,4880960.0
0.007169999999999899,0.020510000000000028,-0.98666,4567290.0
0.013839999999999852,0.020510000000000028,-0.98666,3017210.0
0.020510000000000028,0.020510000000000028,-0.98666,2069410.0
0.027179999999999982,0.020510000000000028,-0.98666,935410.0
0.033849999999999936,0.020510000000000028,-0.98666,889280.0
0.04051999999999989,0.020510000000000028,-0.98666,455140.0
0.047190000000000065,0.020510000000000028,-0.98666,201579.0
0.06719999999999993,0.020510000000000028,-0.98666,63910.7
-0.06620000000000004,0.027179999999999982,-0.98666,315972.99999999994
-0.05953000000000008,0.027179999999999982,-0.98666,86688.0
-0.05286000000000002,0.027179999999999982,-0.98666,411761.0
-0.046190000000000064,0.027179999999999982,-0.98666,359478.0
-0.03952,0.027179999999999982,-0.98666,1278900.0
-0.032850000000000046,0.027179999999999982,-0.98666,1335670.0
-0.026180000000000092,0.027179999999999982,-0.98666,3272990.0
-0.019510000000000027,0.027179999999999982,-0.98666,3338860.0
-0.012840000000000074,0.027179999999999982,-0.98666,4742010.0
-0.006170000000000009,0.027179999999999982,-0.98666,4671660.0
0.0004999999999999449,0.027179999999999982,-0.98666,4002530.0
0.007169999999999899,0.027179999999999982,-0.98666,2082220.0
0.013839999999999852,0.027179999999999982,-0.98666,2253650.0
0.020510000000000028,0.027179999999999982,-0.98666,1281490.0
0.027179999999999982,0.027179999999999982,-0.98666,762650.0
0.033849999999999936,0.027179999999999982,-0.98666,236614.0
0.04051999999999989,0.027179999999999982,-0.98666,253729.0
0.05386000000000002,0.027179999999999982,-0.98666,63823.9
-0.06620000000000004,0.033849999999999936,-0.98666,61667.9
-0.05953000000000008,0.033849999999999936,-0.98666,311962.0
-0.05286000000000002,0.033849999999999936,-0.98666,274407.0
-0.046190000000000064,0.033849999999999936,-0.98666,675486.0
-0.03952,0.033849999999999936,-0.98666,1043140.0
-0.032850000000000046,0.033849999999999936,-0.98666,1520190.0
-0.026180000000000092,0.033849999999999936,-0.98666,1352890.0000000002
-0.019510000000000027,0.033849999999999936,-0.98666,2201570.0
-0.012840000000000074,0.033849999999999936,-0.98666,1723890.0
-0.006170000000000009,0.033849999999999936,-0.98666,1934450.0
0.0004999999999999449,0.033849999999999936,-0.98666,2109520.0
0.007169999999999899,0.033849999999999936,-0.98666,1223390.0
0.013839999999999852,0.033849999999999936,-0.98666,642285.0
0.020510000000000028,0.033849999999999936,-0.98666,982170.0
0.027179999999999982,0.033849999999999936,-0.98666,628635.0
0.033849999999999936,0.033849999999999936,-0.98666,162848.0
0.04051999999999989,0.033849999999999936,-0.98666,173915.0
0.047190000000000065,0.033849999999999936,-0.98666,64070.3
-0.06620000000000004,0.04051999999999989,-0.98666,63816.9
-0.05286000000000002,0.04051999999999989,-0.98666,18398.100000000002
-0.046190000000000064,0.04051999999999989,-0.98666,316645.0
-0.03952,0.04051999999999989,-0.98666,507941.00000000006
-0.032850000000000046,0.04051999999999989,-0.98666,647927.0
-0.026180000000000092,0.04051999999999989,-0.98666,820680.0
-0.019510000000000027,0.04051999999999989,-0.98666,1042580.0
-0.012840000000000074,0.04051999999999989,-0.98666,1335460.0
-0.006170000000000009,0.04051999999999989,-0.98666,1292410.0
0.0004999999999999449,0.04051999999999989,-0.98666,1086120.0
0.007169999999999899,0.04051999999999989,-0.98666,866880.0
0.013839999999999852,0.04051999999999989,-0.98666,699440.0000000001
0.020510000000000028,0.04051999999999989,-0.98666,586019.0
0.027179999999999982,0.04051999999999989,-0.98666,109669.0
0.033849999999999936,0.04051999999999989,-0.98666,277200.0
0.04051999999999989,0.04051999999999989,-0.98666,14155.400000000001
0.047190000000000065,0.04051999999999989,-0.98666,23388.399999999998
-0.06620000000000004,0.047190000000000065,-0.98666,60207.0
-0.05286000000000002,0.047190000000000065,-0.98666,130641.0
-0.046190000000000064,0.047190000000000065,-0.98666,258125.0
-0.03952,0.047190000000000065,-0.98666,329364.0
-0.032850000000000046,0.047190000000000065,-0.98666,127232.00000000001
-0.026180000000000092,0.047190000000000065,-0.98666,504273.0
-0.019510000000000027,0.047190000000000065,-0.98666,240751.0
-0.012840000000000074,0.047190000000000065,-0.98666,811370.0
-0.006170000000000009,0.047190000000000065,-0.98666,950110.0
0.0004999999999999449,0.047190000000000065,-0.98666,604905.0
0.007169999999999899,0.047190000000000065,-0.98666,324919.0
0.013839999999999852,0.047190000000000065,-0.98666,441567.0
0.027179999999999982,0.047190000000000065,-0.98666,151585.0
0.033849999999999936,0.047190000000000065,-0.98666,71169.0
0.04051999999999989,0.047190000000000065,-0.98666,125286.0
0.047190000000000065,0.047190000000000065,-0.98666,39258.8
-0.03952,0.05386000000000002,-0.98666,161693.0
-0.032850000000000046,0.05386000000000002,-0.98666,281232.0
-0.026180000000000092,0.05386000000000002,-0.98666,257005.0
-0.019510000000000027,0.05386000000000002,-0.98666,442092.0
-0.012840000000000074,0.05386000000000002,-0.98666,277410.0
-0.006170000000000009,0.05386000000000002,-0.98666,167188.0
0.0004999999999999449,0.05386000000000002,-0.98666,248311.0
0.007169999999999899,0.05386000000000002,-0.98666,384314.0
0.013839999999999852,0.05386000000000002,-0.98666,199815.0
0.020510000000000028,0.05386000000000002,-0.98666,189378.0
0.05386000000000002,0.05386000000000002,-0.98666,64600.200000000004
-0.046190000000000064,0.06052999999999997,-0.98666,59066.7
-0.03952,0.06052999999999997,-0.98666,71799.0
-0.032850000000000046,0.06052999999999997,-0.98666,123277.00000000001
-0.026180000000000092,0.06052999999999997,-0.98666,75810.0
-0.019510000000000027,0.06052999999999997,-0.98666,129171.0
-0.012840000000000074,0.06052999999999997,-0.98666,51967.3
-0.006170000000000009,0.06052999999999997,-0.98666,61439.0
0.0004999999999999449,0.06052999999999997,-0.98666,133693.0
0.007169999999999899,0.06052999999999997,-0.98666,71358.0
0.013839999999999852,0.06052999999999997,-0.98666,63293.3
0.020510000000000028,0.06052999999999997,-0.98666,66611.3
0.020510000000000028,0.06719999999999993,-0.98666,127323.0
0.0004999999999999449,0.07386999999999988,-0.98666,64694.7
-0.012840000000000074,-0.08621000000000001,-0.97999,82502.0
-0.019510000000000027,-0.07286999999999999,-0.97999,172018.0
-0.012840000000000074,-0.07286999999999999,-0.97999,156254.0
-0.006170000000000009,-0.07286999999999999,-0.97999,77742.0
0.0004999999999999449,-0.07286999999999999,-0.97999,161399.0
-0.032850000000000046,-0.06620000000000004,-0.97999,82663.0
-0.019510000000000027,-0.06620000000000004,-0.97999,342783.0
-0.012840000000000074,-0.06620000000000004,-0.97999,161077.0
0.007169999999999899,-0.06620000000000004,-0.97999,87409.0
0.020510000000000028,-0.06620000000000004,-0.97999,85351.0
-0.05953000000000008,-0.05953000000000008,-0.97999,86317.0
-0.05286000000000002,-0.05953000000000008,-0.97999,77287.0
-0.032850000000000046,-0.05953000000000008,-0.97999,402787.0
-0.026180000000000092,-0.05953000000000008,-0.97999,88410.0
-0.019510000000000027,-0.05953000000000008,-0.97999,330470.0
-0.012840000000000074,-0.05953000000000008,-0.97999,238686.0
-0.006170000000000009,-0.05953000000000008,-0.97999,395115.0
0.0004999999999999449,-0.05953000000000008,-0.97999,246995.0
0.007169999999999899,-0.05953000000000008,-0.97999,404677.0
0.013839999999999852,-0.05953000000000008,-0.97999,487816.0
0.027179999999999982,-0.05953000000000008,-0.97999,171164.0
0.033849999999999936,-0.05953000000000008,-0.97999,159859.0
-0.046190000000000064,-0.05286000000000002,-0.97999,240604.0
-0.03952,-0.05286000000000002,-0.97999,443898.0
-0.032850000000000046,-0.05286000000000002,-0.97999,374465.0
-0.026180000000000092,-0.05286000000000002,-0.97999,406462.00000000006
-0.019510000000000027,-0.05286000000000002,-0.97999,1193430.0
-0.012840000000000074,-0.05286000000000002,-0.97999,983430.0
-0.006170000000000009,-0.05286000000000002,-0.97999,471562.0
0.0004999999999999449,-0.05286000000000002,-0.97999,570164.0000000001
0.007169999999999899,-0.05286000000000002,-0.97999,913010.0
0.013839999999999852,-0.05286000000000002,-0.97999,579831.0
0.020510000000000028,-0.05286000000000002,-0.97999,324219.0
0.027179999999999982,-0.05286000000000002,-0.97999,219443.0
0.033849999999999936,-0.05286000000000002,-0.97999,85064.0
0.047190000000000065,-0.05286000000000002,-0.97999,89096.0
0.05386000000000002,-0.05286000000000002,-0.97999,80150.0
-0.05953000000000008,-0.046190000000000064,-0.97999,89530.0
-0.05286000000000002,-0.046190000000000064,-0.97999,80682.0
-0.046190000000000064,-0.046190000000000064,-0.97999,785120.0
-0.03952,-0.046190000000000064,-0.97999,556486.0
-0.032850000000000046,-0.046190000000000064,-0.97999,848540.0
-0.026180000000000092,-0.046190000000000064,-0.97999,1472660.0
-0.019510000000000027,-0.046190000000000064,-0.97999,699475.0
-0.012840000000000074,-0.046190000000000064,-0.97999,1685250.0
-0.006170000000000009,-0.046190000000000064,-0.97999,1676150.0
0.0004999999999999449,-0.046190000000000064,-0.97999,1311450.0
0.007169999999999899,-0.046190000000000064,-0.97999,1492120.0
0.013839999999999852,-0.046190000000000064,-0.97999,944650.0
0.020510000000000028,-0.046190000000000064,-0.97999,364322.0
0.027179999999999982,-0.046190000000000064,-0.97999,785050.0
0.033849999999999936,-0.046190000000000064,-0.97999,167790.0
0.04051999999999989,-0.046190000000000064,-0.97999,243572.0
0.047190000000000065,-0.046190000000000064,-0.97999,83524.0
-0.07286999999999999,-0.03952,-0.97999,84777.0
-0.06620000000000004,-0.03952,-0.97999,86982.0
-0.05953000000000008,-0.03952,-0.97999,321160.0
-0.05286000000000002,-0.03952,-0.97999,249900.0
-0.046190000000000064,-0.03952,-0.97999,545321.0
-0.03952,-0.03952,-0.97999,935200.0
-0.032850000000000046,-0.03952,-0.97999,1187480.0
-0.026180000000000092,-0.03952,-0.97999,1671110.0
-0.019510000000000027,-0.03952,-0.97999,3034290.0
-0.012840000000000074,-0.03952,-0.97999,2996770.0
-0.006170000000000009,-0.03952,-0.97999,2593010.0
0.0004999999999999449,-0.03952,-0.97999,2632910.0
0.007169999999999899,-0.03952,-0.97999,1443960.0
0.013839999999999852,-0.03952,-0.97999,1394050.0
0.020510000000000028,-0.03952,-0.97999,675885.0
0.027179999999999982,-0.03952,-0.97999,706930.0
0.033849999999999936,-0.03952,-0.97999,598332.0
0.04051999999999989,-0.03952,-0.97999,166278.0
0.05386000000000002,-0.03952,-0.97999,75719.00000000001
-0.07954000000000006,-0.032850000000000046,-0.97999,172263.0
-0.07286999999999999,-0.032850000000000046,-0.97999,81179.0
-0.06620000000000004,-0.032850000000000046,-0.97999,83433.0
-0.05953000000000008,-0.032850000000000046,-0.97999,164563.00000000003
-0.05286000000000002,-0.032850000000000046,-0.97999,800240.0
-0.046190000000000064,-0.032850000000000046,-0.97999,1103130.0
-0.03952,-0.032850000000000046,-0.97999,1762250.0
-0.032850000000000046,-0.032850000000000046,-0.97999,2141230.0
-0.026180000000000092,-0.032850000000000046,-0.97999,3466540.0
-0.019510000000000027,-0.032850000000000046,-0.97999,4549020.0
-0.012840000000000074,-0.032850000000000046,-0.97999,5147030.0
-0.006170000000000009,-0.032850000000000046,-0.97999,4117190.0
0.0004999999999999449,-0.032850000000000046,-0.97999,4233530.0
0.007169999999999899,-0.032850000000000046,-0.97999,3411660.0
0.013839999999999852,-0.032850000000000046,-0.97999,2348220.0
0.020510000000000028,-0.032850000000000046,-0.97999,2409470.0
0.027179999999999982,-0.032850000000000046,-0.97999,987420.0
0.033849999999999936,-0.032850000000000046,-0.97999,830200.0
0.04051999999999989,-0.032850000000000046,-0.97999,618023.0000000001
0.047190000000000065,-0.032850000000000046,-0.97999,331128.0
0.06052999999999997,-0.032850000000000046,-0.97999,76391.0
-0.08621000000000001,-0.026180000000000092,-0.97999,90804.0
-0.07954000000000006,-0.026180000000000092,-0.97999,140602.0
-0.07286999999999999,-0.026180000000000092,-0.97999,268275.0
-0.06620000000000004,-0.026180000000000092,-0.97999,327992.0
-0.05953000000000008,-0.026180000000000092,-0.97999,254940.0
-0.05286000000000002,-0.026180000000000092,-0.97999,965090.0
-0.046190000000000064,-0.026180000000000092,-0.97999,1878940.0
-0.03952,-0.026180000000000092,-0.97999,2863350.0
-0.032850000000000046,-0.026180000000000092,-0.97999,3900120.0
-0.026180000000000092,-0.026180000000000092,-0.97999,3619210.0
-0.019510000000000027,-0.026180000000000092,-0.97999,6143340.0
-0.012840000000000074,-0.026180000000000092,-0.97999,6642090.0
-0.006170000000000009,-0.026180000000000092,-0.97999,5418560.0
0.0004999999999999449,-0.026180000000000092,-0.97999,5939640.0
0.007169999999999899,-0.026180000000000092,-0.97999,5376210.0
0.013839999999999852,-0.026180000000000092,-0.97999,4286940.0
0.020510000000000028,-0.026180000000000092,-0.97999,2759330.0
0.027179999999999982,-0.026180000000000092,-0.97999,1362900.0
0.033849999999999936,-0.026180000000000092,-0.97999,950600.0
0.04051999999999989,-0.026180000000000092,-0.97999,436982.0
0.047190000000000065,-0.026180000000000092,-0.97999,542234.0
-0.07286999999999999,-0.019510000000000027,-0.97999,86457.0
-0.06620000000000004,-0.019510000000000027,-0.97999,85351.0
-0.05953000000000008,-0.019510000000000027,-0.97999,568449.0
-0.05286000000000002,-0.019510000000000027,-0.97999,537586.0
-0.046190000000000064,-0.019510000000000027,-0.97999,1140300.0
-0.03952,-0.019510000000000027,-0.97999,3741850.0
-0.032850000000000046,-0.019510000000000027,-0.97999,5616380.0
-0.026180000000000092,-0.019510000000000027,-0.97999,6554590.0
-0.019510000000000027,-0.019510000000000027,-0.97999,8851500.0
-0.012840000000000074,-0.019510000000000027,-0.97999,8590400.0
-0.006170000000000009,-0.019510000000000027,-0.97999,10045000.0
0.0004999999999999449,-0.019510000000000027,-0.97999,8977500.0
0.007169999999999899,-0.019510000000000027,-0.97999,7051100.0
0.013839999999999852,-0.019510000000000027,-0.97999,4728220.0
0.020510000000000028,-0.019510000000000027,-0.97999,2757230.0
0.027179999999999982,-0.019510000000000027,-0.97999,1984500.0
0.033849999999999936,-0.019510000000000027,-0.97999,1007370.0
0.04051999999999989,-0.019510000000000027,-0.97999,554743.0
0.047190000000000065,-0.019510000000000027,-0.97999,311983.0
0.05386000000000002,-0.019510000000000027,-0.97999,170044.0
0.06052999999999997,-0.019510000000000027,-0.97999,81851.0
-0.09288000000000007,-0.012840000000000074,-0.97999,83580.0
-0.07286999999999999,-0.012840000000000074,-0.97999,167223.0
-0.06620000000000004,-0.012840000000000074,-0.97999,420455.0
-0.05953000000000008,-0.012840000000000074,-0.97999,496398.0
-0.05286000000000002,-0.012840000000000074,-0.97999,1078420.0
-0.046190000000000064,-0.012840000000000074,-0.97999,3782800.0
-0.03952,-0.012840000000000074,-0.97999,3357410.0
-0.032850000000000046,-0.012840000000000074,-0.97999,7125300.0
-0.026180000000000092,-0.012840000000000074,-0.97999,9748200.0
-0.019510000000000027,-0.012840000000000074,-0.97999,10953600.0
-0.012840000000000074,-0.012840000000000074,-0.97999,9898700.0
-0.006170000000000009,-0.012840000000000074,-0.97999,13198500.0
0.0004999999999999449,-0.012840000000000074,-0.97999,10893400.0
0.007169999999999899,-0.012840000000000074,-0.97999,9508800.0
0.013839999999999852,-0.012840000000000074,-0.97999,5606790.0
0.020510000000000028,-0.012840000000000074,-0.97999,3960250.0
0.027179999999999982,-0.012840000000000074,-0.97999,1968820.0
0.033849999999999936,-0.012840000000000074,-0.97999,1800820.0
0.04051999999999989,-0.012840000000000074,-0.97999,472535.0
0.047190000000000065,-0.012840000000000074,-0.97999,301133.0
0.05386000000000002,-0.012840000000000074,-0.97999,89054.0
0.06052999999999997,-0.012840000000000074,-0.97999,86443.00000000001
-0.07954000000000006,-0.006170000000000009,-0.97999,161777.0
-0.07286999999999999,-0.006170000000000009,-0.97999,74606.0
-0.06620000000000004,-0.006170000000000009,-0.97999,242263.0
-0.05953000000000008,-0.006170000000000009,-0.97999,1153180.0
-0.05286000000000002,-0.006170000000000009,-0.97999,1499470.0
-0.046190000000000064,-0.006170000000000009,-0.97999,2780469.9999999995
-0.03952,-0.006170000000000009,-0.97999,3845170.0
-0.032850000000000046,-0.006170000000000009,-0.97999,6909280.0
-0.026180000000000092,-0.006170000000000009,-0.97999,8525300.0
-0.019510000000000027,-0.006170000000000009,-0.97999,11509400.0
-0.012840000000000074,-0.006170000000000009,-0.97999,12864600.0
-0.006170000000000009,-0.006170000000000009,-0.97999,14121100.0
0.0004999999999999449,-0.006170000000000009,-0.97999,12845000.0
0.007169999999999899,-0.006170000000000009,-0.97999,10420200.000000002
0.013839999999999852,-0.006170000000000009,-0.97999,6734630.0
0.020510000000000028,-0.006170000000000009,-0.97999,4377730.0
0.027179999999999982,-0.006170000000000009,-0.97999,2776550.0
0.033849999999999936,-0.006170000000000009,-0.97999,1992480.0
0.04051999999999989,-0.006170000000000009,-0.97999,773640.0
0.047190000000000065,-0.006170000000000009,-0.97999,447944.00000000006
0.05386000000000002,-0.006170000000000009,-0.97999,250173.0
-0.08621000000000001,0.0004999999999999449,-0.97999,84371.0
-0.07286999999999999,0.0004999999999999449,-0.97999,258412.00000000003
-0.06620000000000004,0.0004999999999999449,-0.97999,240128.0
-0.05953000000000008,0.0004999999999999449,-0.97999,295638.0
-0.05286000000000002,0.0004999999999999449,-0.97999,1965180.0
-0.046190000000000064,0.0004999999999999449,-0.97999,2352140.0
-0.03952,0.0004999999999999449,-0.97999,4466000.0
-0.032850000000000046,0.0004999999999999449,-0.97999,7571900.0
-0.026180000000000092,0.0004999999999999449,-0.97999,9145500.0
-0.019510000000000027,0.0004999999999999449,-0.97999,12506900.0
-0.012840000000000074,0.0004999999999999449,-0.97999,14313600.0
-0.006170000000000009,0.0004999999999999449,-0.97999,11514300.0
0.0004999999999999449,0.0004999999999999449,-0.97999,10706500.0
0.007169999999999899,0.0004999999999999449,-0.97999,9261700.0
0.013839999999999852,0.0004999999999999449,-0.97999,6483820.0
0.020510000000000028,0.0004999999999999449,-0.97999,4276300.0
0.027179999999999982,0.0004999999999999449,-0.97999,2949170.0
0.033849999999999936,0.0004999999999999449,-0.97999,1823920.0
0.04051999999999989,0.0004999999999999449,-0.97999,870030.0
0.047190000000000065,0.0004999999999999449,-0.97999,551166.0
0.06052999999999997,0.0004999999999999449,-0.97999,163940.0
0.06719999999999993,0.0004999999999999449,-0.97999,6.634880000000001
-0.08621000000000001,0.007169999999999899,-0.97999,89348.0
-0.07954000000000006,0.007169999999999899,-0.97999,78568.0
-0.07286999999999999,0.007169999999999899,-0.97999,171836.0
-0.06620000000000004,0.007169999999999899,-0.97999,173208.0
-0.05953000000000008,0.007169999999999899,-0.97999,805140.0
-0.05286000000000002,0.007169999999999899,-0.97999,1298920.0
-0.046190000000000064,0.007169999999999899,-0.97999,2232300.0
-0.03952,0.007169999999999899,-0.97999,4111380.0
-0.032850000000000046,0.007169999999999899,-0.97999,6852160.0
-0.026180000000000092,0.007169999999999899,-0.97999,6644470.0
-0.019510000000000027,0.007169999999999899,-0.97999,10631600.0
-0.012840000000000074,0.007169999999999899,-0.97999,12551000.0
-0.006170000000000009,0.007169999999999899,-0.97999,11709600.0
0.0004999999999999449,0.007169999999999899,-0.97999,11015200.000000002
0.007169999999999899,0.007169999999999899,-0.97999,8170400.0
0.013839999999999852,0.007169999999999899,-0.97999,5643960.0
0.020510000000000028,0.007169999999999899,-0.97999,3372810.0
0.027179999999999982,0.007169999999999899,-0.97999,2783620.0
0.033849999999999936,0.007169999999999899,-0.97999,1738310.0
0.04051999999999989,0.007169999999999899,-0.97999,1155000.0
0.047190000000000065,0.007169999999999899,-0.97999,238861.0
0.05386000000000002,0.007169999999999899,-0.97999,140616.0
0.06052999999999997,0.007169999999999899,-0.97999,97139.0
0.07386999999999988,0.007169999999999899,-0.97999,85967.0
-0.07954000000000006,0.013839999999999852,-0.97999,78736.0
-0.06620000000000004,0.013839999999999852,-0.97999,81858.0
-0.05953000000000008,0.013839999999999852,-0.97999,675577.0
-0.05286000000000002,0.013839999999999852,-0.97999,1223530.0
-0.046190000000000064,0.013839999999999852,-0.97999,1984290.0
-0.03952,0.013839999999999852,-0.97999,4427080.0
-0.032850000000000046,0.013839999999999852,-0.97999,5507250.0
-0.026180000000000092,0.013839999999999852,-0.97999,7357700.0
-0.019510000000000027,0.013839999999999852,-0.97999,7618100.0
-0.012840000000000074,0.013839999999999852,-0.97999,8374800.0
-0.006170000000000009,0.013839999999999852,-0.97999,9039100.0
0.0004999999999999449,0.013839999999999852,-0.97999,6885060.0
0.007169999999999899,0.013839999999999852,-0.97999,8004500.0
0.013839999999999852,0.013839999999999852,-0.97999,6017270.0
0.020510000000000028,0.013839999999999852,-0.97999,2879030.0
0.027179999999999982,0.013839999999999852,-0.97999,2297610.0
0.033849999999999936,0.013839999999999852,-0.97999,1557220.0
0.04051999999999989,0.013839999999999852,-0.97999,580587.0
0.047190000000000065,0.013839999999999852,-0.97999,91581.0
0.06052999999999997,0.013839999999999852,-0.97999,160482.0
-0.08621000000000001,0.020510000000000028,-0.97999,165998.0
-0.06620000000000004,0.020510000000000028,-0.97999,80486.0
-0.05953000000000008,0.020510000000000028,-0.97999,697487.0
-0.05286000000000002,0.020510000000000028,-0.97999,1207850.0
-0.046190000000000064,0.020510000000000028,-0.97999,1550220.0
-0.03952,0.020510000000000028,-0.97999,2388680.0
-0.032850000000000046,0.020510000000000028,-0.97999,4278610.0
-0.026180000000000092,0.020510000000000028,-0.97999,5650470.0
-0.019510000000000027,0.020510000000000028,-0.97999,5480160.0
-0.012840000000000074,0.020510000000000028,-0.97999,7886200.0
-0.006170000000000009,0.020510000000000028,-0.97999,7862399.999999999
0.0004999999999999449,0.020510000000000028,-0.97999,6434750.0
0.007169999999999899,0.020510000000000028,-0.97999,5613790.0
0.013839999999999852,0.020510000000000028,-0.97999,3834530.0000000005
0.020510000000000028,0.020510000000000028,-0.97999,2815960.0
0.027179999999999982,0.020510000000000028,-0.97999,1321320.0
0.033849999999999936,0.020510000000000028,-0.97999,1218000.0
0.04051999999999989,0.020510000000000028,-0.97999,639261.0
0.047190000000000065,0.020510000000000028,-0.97999,327544.0
0.06719999999999993,0.020510000000000028,-0.97999,78848.0
-0.06620000000000004,0.027179999999999982,-0.97999,417788.0
-0.05953000000000008,0.027179999999999982,-0.97999,98175.0
-0.05286000000000002,0.027179999999999982,-0.97999,638890.0
-0.046190000000000064,0.027179999999999982,-0.97999,560672.0
-0.03952,0.027179999999999982,-0.97999,1511790.0
-0.032850000000000046,0.027179999999999982,-0.97999,1529570.0
-0.026180000000000092,0.027179999999999982,-0.97999,4190620.0
-0.019510000000000027,0.027179999999999982,-0.97999,4262860.0
-0.012840000000000074,0.027179999999999982,-0.97999,5867120.0
-0.006170000000000009,0.027179999999999982,-0.97999,5516910.0
0.0004999999999999449,0.027179999999999982,-0.97999,5035170.0
0.007169999999999899,0.027179999999999982,-0.97999,2778650.0
0.013839999999999852,0.027179999999999982,-0.97999,2888760.0
0.020510000000000028,0.027179999999999982,-0.97999,1825740.0
0.027179999999999982,0.027179999999999982,-0.97999,1120140.0
0.033849999999999936,0.027179999999999982,-0.97999,286244.0
0.04051999999999989,0.027179999999999982,-0.97999,273665.0
0.05386000000000002,0.027179999999999982,-0.97999,82985.0
-0.06620000000000004,0.033849999999999936,-0.97999,86422.0
-0.05953000000000008,0.033849999999999936,-0.97999,424872.0
-0.05286000000000002,0.033849999999999936,-0.97999,329714.0
-0.046190000000000064,0.033849999999999936,-0.97999,891450.0
-0.03952,0.033849999999999936,-0.97999,1323770.0
-0.032850000000000046,0.033849999999999936,-0.97999,2016770.0
-0.026180000000000092,0.033849999999999936,-0.97999,1898610.0
-0.019510000000000027,0.033849999999999936,-0.97999,2821630.0
-0.012840000000000074,0.033849999999999936,-0.97999,2243290.0
-0.006170000000000009,0.033849999999999936,-0.97999,2679739.9999999995
0.0004999999999999449,0.033849999999999936,-0.97999,2524900.0
0.007169999999999899,0.033849999999999936,-0.97999,1760990.0
0.013839999999999852,0.033849999999999936,-0.97999,875559.9999999999
0.020510000000000028,0.033849999999999936,-0.97999,1179990.0
0.027179999999999982,0.033849999999999936,-0.97999,551313.0
0.033849999999999936,0.033849999999999936,-0.97999,419503.0
0.04051999999999989,0.033849999999999936,-0.97999,165480.0
0.047190000000000065,0.033849999999999936,-0.97999,79380.0
-0.06620000000000004,0.04051999999999989,-0.97999,86849.0
-0.05286000000000002,0.04051999999999989,-0.97999,78638.0
-0.046190000000000064,0.04051999999999989,-0.97999,340837.00000000006
-0.03952,0.04051999999999989,-0.97999,808710.0
-0.032850000000000046,0.04051999999999989,-0.97999,760690.0000000001
-0.026180000000000092,0.04051999999999989,-0.97999,1073800.0
-0.019510000000000027,0.04051999999999989,-0.97999,1455160.0
-0.012840000000000074,0.04051999999999989,-0.97999,1808940.0
-0.006170000000000009,0.04051999999999989,-0.97999,1524740.0
0.0004999999999999449,0.04051999999999989,-0.97999,1670760.0
0.007169999999999899,0.04051999999999989,-0.97999,790860.0
0.013839999999999852,0.04051999999999989,-0.97999,857290.0
0.020510000000000028,0.04051999999999989,-0.97999,728140.0
0.027179999999999982,0.04051999999999989,-0.97999,271922.0
0.033849999999999936,0.04051999999999989,-0.97999,71897.0
0.04051999999999989,0.04051999999999989,-0.97999,67256.0
0.047190000000000065,0.04051999999999989,-0.97999,88165.0
-0.06620000000000004,0.047190000000000065,-0.97999,88836.99999999999
-0.05286000000000002,0.047190000000000065,-0.97999,160902.0
-0.046190000000000064,0.047190000000000065,-0.97999,331961.0
-0.03952,0.047190000000000065,-0.97999,407897.0
-0.032850000000000046,0.047190000000000065,-0.97999,167902.0
-0.026180000000000092,0.047190000000000065,-0.97999,660596.9999999999
-0.019510000000000027,0.047190000000000065,-0.97999,172221.0
-0.012840000000000074,0.047190000000000065,-0.97999,895160.0
-0.006170000000000009,0.047190000000000065,-0.97999,1263850.0
0.0004999999999999449,0.047190000000000065,-0.97999,591920.0
0.007169999999999899,0.047190000000000065,-0.97999,657258.0
0.013839999999999852,0.047190000000000065,-0.97999,689360.0
0.020510000000000028,0.047190000000000065,-0.97999,89936.0
0.027179999999999982,0.047190000000000065,-0.97999,167328.0
0.033849999999999936,0.047190000000000065,-0.97999,137914.0
0.04051999999999989,0.047190000000000065,-0.97999,170324.0
-0.03952,0.05386000000000002,-0.97999,175973.0
-0.032850000000000046,0.05386000000000002,-0.97999,420805.0
-0.026180000000000092,0.05386000000000002,-0.97999,217707.0
-0.019510000000000027,0.05386000000000002,-0.97999,461027.0
-0.012840000000000074,0.05386000000000002,-0.97999,567441.0
-0.006170000000000009,0.05386000000000002,-0.97999,176126.99999999997
0.0004999999999999449,0.05386000000000002,-0.97999,469252.0
0.007169999999999899,0.05386000000000002,-0.97999,352100.0
0.013839999999999852,0.05386000000000002,-0.97999,244874.0
0.020510000000000028,0.05386000000000002,-0.97999,172424.0
0.033849999999999936,0.05386000000000002,-0.97999,27085.8
0.05386000000000002,0.05386000000000002,-0.97999,84602.0
-0.03952,0.06052999999999997,-0.97999,166054.0
-0.032850000000000046,0.06052999999999997,-0.97999,175699.99999999997
-0.026180000000000092,0.06052999999999997,-0.97999,155064.0
-0.019510000000000027,0.06052999999999997,-0.97999,102921.0
-0.012840000000000074,0.06052999999999997,-0.97999,87989.99999999999
-0.006170000000000009,0.06052999999999997,-0.97999,85841.0
0.0004999999999999449,0.06052999999999997,-0.97999,158060.0
0.007169999999999899,0.06052999999999997,-0.97999,161770.0
0.013839999999999852,0.06052999999999997,-0.97999,85848.0
0.020510000000000028,0.06052999999999997,-0.97999,76048.0
0.020510000000000028,0.06719999999999993,-0.97999,161553.0
0.0004999999999999449,0.07386999999999988,-0.97999,80129.0
-0.012840000000000074,-0.006170000000000009,-0.97332,605.444
-0.012840000000000074,0.0004999999999999449,-0.97332,896.7
-0.019510000000000027,0.007169999999999899,-0.97332,296.219
-0.019510000000000027,0.013839999999999852,-0.97332,1468.25
-0.012840000000000074,0.0004999999999999449,-0.96665,2147.88
-0.019510000000000027,0.007169999999999899,-0.96665,1857.87
-0.012840000000000074,0.007169999999999899,-0.96665,405.95799999999997
0.047190000000000065,-0.21294000000000002,-0.93997,2535.26
0.027179999999999982,-0.16625,-0.7665500000000001,2719.85
0.04051999999999989,-0.65983,0.5207599999999999,349.951
0.95431,0.5474399999999999,0.7475399999999999,921.83
